journey_id,channel,day,converted,conversion_day
1,direct,50,1,54
1,display,50,1,54
1,direct,50,1,54
1,referral,52,1,54
2,direct,39,1,43
2,display,40,1,43
2,email,43,1,43
3,referral,43,0,
4,direct,49,1,53
4,referral,52,1,53
5,paid_search,37,0,
6,social,54,1,61
6,email,55,1,61
6,organic_search,56,1,61
6,email,56,1,61
6,organic_search,58,1,61
6,social,60,1,61
7,referral,54,0,
7,social,57,0,
8,organic_search,48,0,
8,paid_search,51,0,
8,display,54,0,
9,email,43,1,47
9,paid_search,43,1,47
9,display,43,1,47
9,email,46,1,47
10,email,44,1,46
10,organic_search,46,1,46
10,social,46,1,46
11,organic_search,34,1,41
11,organic_search,34,1,41
11,organic_search,35,1,41
11,email,37,1,41
11,referral,40,1,41
12,paid_search,24,1,33
12,paid_search,27,1,33
12,email,29,1,33
12,paid_search,32,1,33
13,social,38,0,
13,organic_search,40,0,
13,social,42,0,
13,paid_search,43,0,
14,display,9,1,13
14,direct,10,1,13
14,referral,11,1,13
14,email,13,1,13
14,organic_search,13,1,13
15,organic_search,53,0,
15,email,55,0,
15,direct,55,0,
16,display,51,1,56
16,email,51,1,56
16,paid_search,53,1,56
16,social,56,1,56
17,paid_search,50,0,
17,email,53,0,
18,social,14,0,
18,paid_search,16,0,
18,direct,17,0,
19,email,38,0,
20,email,40,1,45
20,social,41,1,45
20,email,44,1,45
21,paid_search,3,1,5
21,email,4,1,5
21,display,4,1,5
21,organic_search,4,1,5
22,direct,24,1,27
22,organic_search,24,1,27
22,email,24,1,27
22,social,25,1,27
23,organic_search,18,0,
23,email,21,0,
24,paid_search,20,0,
25,referral,36,1,43
25,direct,39,1,43
25,email,40,1,43
25,referral,41,1,43
25,display,42,1,43
26,direct,29,1,31
26,organic_search,29,1,31
26,referral,29,1,31
26,paid_search,31,1,31
27,organic_search,3,1,10
27,referral,4,1,10
27,email,7,1,10
27,paid_search,10,1,10
27,organic_search,10,1,10
28,email,54,0,
29,referral,52,1,55
29,referral,54,1,55
30,social,12,1,18
30,email,13,1,18
30,display,14,1,18
30,organic_search,17,1,18
30,direct,18,1,18
31,paid_search,63,0,
31,social,63,0,
31,email,66,0,
32,referral,33,1,36
32,paid_search,35,1,36
32,referral,35,1,36
32,referral,36,1,36
33,email,73,0,
33,social,73,0,
33,social,74,0,
34,organic_search,21,1,29
34,organic_search,24,1,29
34,referral,26,1,29
34,paid_search,29,1,29
34,email,29,1,29
35,paid_search,65,1,69
35,paid_search,68,1,69
36,paid_search,13,0,
37,email,6,0,
38,email,53,1,57
38,direct,56,1,57
39,organic_search,15,1,17
39,social,17,1,17
40,paid_search,28,0,
40,paid_search,31,0,
40,direct,33,0,
41,direct,8,1,18
41,referral,11,1,18
41,display,13,1,18
41,paid_search,16,1,18
41,email,17,1,18
42,display,60,1,61
42,organic_search,60,1,61
42,email,60,1,61
43,social,19,0,
43,social,20,0,
44,direct,63,0,
44,email,66,0,
45,display,24,1,29
45,email,27,1,29
45,display,27,1,29
45,referral,28,1,29
46,paid_search,55,1,64
46,paid_search,57,1,64
46,referral,59,1,64
46,direct,59,1,64
46,paid_search,62,1,64
47,referral,36,1,38
47,direct,36,1,38
47,email,37,1,38
48,email,46,0,
49,referral,46,1,51
49,email,49,1,51
49,email,49,1,51
50,display,54,0,
51,social,17,1,25
51,direct,20,1,25
51,organic_search,23,1,25
51,social,25,1,25
52,social,9,0,
53,direct,15,0,
53,referral,17,0,
53,social,18,0,
53,direct,18,0,
54,direct,57,0,
55,display,50,1,51
55,email,50,1,51
55,referral,51,1,51
56,direct,1,0,
56,referral,3,0,
57,organic_search,11,1,20
57,paid_search,14,1,20
57,direct,14,1,20
57,display,16,1,20
57,paid_search,18,1,20
58,referral,34,0,
58,organic_search,34,0,
59,paid_search,69,0,
60,organic_search,4,1,15
60,paid_search,7,1,15
60,referral,10,1,15
60,referral,13,1,15
61,organic_search,63,0,
62,display,9,1,13
62,paid_search,12,1,13
62,referral,12,1,13
62,organic_search,12,1,13
63,paid_search,74,1,79
63,paid_search,76,1,79
63,direct,77,1,79
64,direct,58,0,
65,email,21,1,28
65,paid_search,21,1,28
65,organic_search,24,1,28
65,email,26,1,28
66,email,12,1,22
66,social,15,1,22
66,paid_search,16,1,22
66,paid_search,19,1,22
66,organic_search,20,1,22
67,social,46,1,49
67,organic_search,47,1,49
67,email,49,1,49
68,organic_search,37,0,
68,email,38,0,
69,display,44,0,
69,referral,45,0,
69,email,45,0,
70,email,35,0,
70,direct,37,0,
71,referral,57,1,62
71,organic_search,59,1,62
71,email,62,1,62
72,paid_search,5,1,10
72,social,6,1,10
72,paid_search,8,1,10
72,referral,9,1,10
73,social,64,1,70
73,email,64,1,70
73,paid_search,66,1,70
73,direct,67,1,70
73,direct,68,1,70
74,social,12,0,
74,display,13,0,
74,organic_search,13,0,
75,referral,54,0,
76,direct,18,1,23
76,paid_search,20,1,23
76,social,21,1,23
77,email,60,0,
77,organic_search,60,0,
78,organic_search,48,0,
79,paid_search,55,0,
79,organic_search,58,0,
79,display,61,0,
80,paid_search,63,0,
80,social,65,0,
80,social,67,0,
81,direct,43,0,
81,email,44,0,
81,email,47,0,
82,email,45,0,
82,paid_search,45,0,
83,organic_search,30,1,35
83,organic_search,31,1,35
83,paid_search,33,1,35
84,paid_search,12,0,
84,organic_search,12,0,
85,email,56,1,67
85,referral,57,1,67
85,direct,59,1,67
85,direct,61,1,67
85,referral,62,1,67
85,paid_search,65,1,67
86,display,34,0,
86,direct,37,0,
86,organic_search,40,0,
87,paid_search,56,0,
87,referral,56,0,
88,direct,66,1,74
88,social,66,1,74
88,paid_search,69,1,74
88,email,71,1,74
88,direct,74,1,74
88,referral,74,1,74
89,display,28,0,
90,referral,3,1,6
90,referral,4,1,6
90,organic_search,4,1,6
90,email,4,1,6
91,paid_search,21,1,27
91,social,23,1,27
91,display,26,1,27
92,direct,67,0,
92,email,68,0,
93,organic_search,44,0,
93,paid_search,46,0,
94,direct,27,1,32
94,social,28,1,32
94,paid_search,28,1,32
94,direct,30,1,32
95,direct,45,0,
95,paid_search,46,0,
96,paid_search,26,0,
97,social,67,1,74
97,direct,70,1,74
97,email,73,1,74
98,social,71,0,
98,email,74,0,
99,organic_search,49,0,
99,organic_search,50,0,
99,paid_search,51,0,
100,referral,6,0,
100,referral,8,0,
101,display,34,1,43
101,direct,37,1,43
101,referral,38,1,43
101,email,38,1,43
101,paid_search,39,1,43
101,direct,41,1,43
102,direct,34,1,34
103,email,43,1,46
103,email,46,1,46
104,paid_search,49,0,
105,social,75,1,75
105,social,75,1,75
106,email,12,1,18
106,email,12,1,18
106,social,13,1,18
106,referral,14,1,18
106,organic_search,17,1,18
107,display,19,0,
107,social,19,0,
107,direct,20,0,
108,paid_search,5,1,5
108,paid_search,5,1,5
108,direct,5,1,5
108,organic_search,5,1,5
109,organic_search,8,0,
109,email,10,0,
109,direct,11,0,
110,paid_search,3,1,8
110,direct,6,1,8
110,organic_search,6,1,8
111,social,72,0,
111,referral,72,0,
111,referral,73,0,
112,organic_search,40,0,
112,paid_search,43,0,
113,paid_search,4,0,
114,organic_search,55,1,63
114,email,58,1,63
114,paid_search,61,1,63
114,display,61,1,63
115,paid_search,41,1,47
115,direct,41,1,47
115,email,42,1,47
115,direct,42,1,47
115,direct,43,1,47
115,email,45,1,47
116,organic_search,4,1,7
116,referral,6,1,7
116,paid_search,6,1,7
117,email,64,0,
117,email,66,0,
117,display,67,0,
117,referral,70,0,
117,referral,72,0,
118,paid_search,72,0,
118,referral,73,0,
119,direct,41,0,
120,direct,31,0,
121,direct,13,1,20
121,email,13,1,20
121,referral,15,1,20
121,social,18,1,20
121,email,18,1,20
122,paid_search,74,1,79
122,direct,76,1,79
122,referral,79,1,79
122,paid_search,79,1,79
123,social,18,0,
124,organic_search,48,1,58
124,email,50,1,58
124,social,52,1,58
124,email,54,1,58
124,email,57,1,58
125,paid_search,29,0,
125,display,29,0,
126,paid_search,55,1,64
126,referral,57,1,64
126,organic_search,60,1,64
126,organic_search,63,1,64
126,email,63,1,64
126,email,64,1,64
127,display,9,1,12
127,email,12,1,12
127,organic_search,12,1,12
128,direct,58,1,64
128,direct,61,1,64
128,direct,63,1,64
128,paid_search,63,1,64
128,organic_search,63,1,64
129,email,58,1,61
129,paid_search,58,1,61
129,paid_search,59,1,61
129,direct,60,1,61
130,social,65,0,
130,referral,65,0,
131,paid_search,58,1,65
131,paid_search,61,1,65
131,organic_search,61,1,65
131,organic_search,64,1,65
131,social,64,1,65
132,direct,13,0,
132,social,15,0,
132,organic_search,17,0,
132,organic_search,18,0,
133,referral,13,1,19
133,email,15,1,19
133,email,16,1,19
133,social,18,1,19
133,paid_search,19,1,19
134,paid_search,66,1,70
134,email,69,1,70
134,organic_search,69,1,70
135,social,12,1,20
135,email,14,1,20
135,social,16,1,20
135,organic_search,18,1,20
135,direct,18,1,20
136,direct,63,0,
136,social,65,0,
136,social,65,0,
137,referral,7,0,
137,organic_search,7,0,
137,social,10,0,
138,organic_search,45,0,
139,paid_search,60,1,63
139,display,61,1,63
139,direct,62,1,63
140,display,57,1,62
140,email,59,1,62
140,direct,61,1,62
141,paid_search,77,0,
141,email,78,0,
141,referral,81,0,
142,organic_search,59,1,64
142,direct,61,1,64
142,referral,62,1,64
143,email,44,1,49
143,social,47,1,49
143,display,48,1,49
143,social,49,1,49
144,display,9,0,
145,social,52,0,
146,organic_search,18,1,28
146,paid_search,20,1,28
146,organic_search,23,1,28
146,organic_search,23,1,28
146,display,26,1,28
147,direct,43,1,48
147,email,45,1,48
147,email,46,1,48
148,display,76,0,
148,social,76,0,
149,direct,28,1,31
149,direct,29,1,31
149,email,30,1,31
150,organic_search,49,0,
150,direct,52,0,
151,referral,3,1,10
151,referral,3,1,10
151,email,4,1,10
151,organic_search,6,1,10
151,organic_search,8,1,10
151,organic_search,9,1,10
152,direct,52,0,
152,paid_search,53,0,
153,referral,0,1,3
153,referral,0,1,3
153,paid_search,0,1,3
153,direct,1,1,3
154,email,14,1,19
154,direct,17,1,19
155,organic_search,11,1,20
155,display,14,1,20
155,paid_search,16,1,20
155,organic_search,19,1,20
156,display,44,1,47
156,direct,46,1,47
156,direct,46,1,47
157,organic_search,11,1,16
157,email,11,1,16
157,paid_search,12,1,16
157,display,15,1,16
158,social,71,1,75
158,social,71,1,75
158,referral,73,1,75
158,email,73,1,75
159,paid_search,69,1,72
159,email,70,1,72
159,paid_search,70,1,72
159,paid_search,70,1,72
159,referral,71,1,72
160,paid_search,49,1,54
160,direct,49,1,54
160,referral,51,1,54
160,referral,53,1,54
161,organic_search,30,1,37
161,email,33,1,37
161,referral,35,1,37
161,social,36,1,37
162,paid_search,18,0,
162,organic_search,18,0,
162,organic_search,18,0,
162,social,21,0,
163,email,77,0,
164,direct,75,1,81
164,organic_search,77,1,81
164,display,77,1,81
164,organic_search,78,1,81
164,email,80,1,81
165,paid_search,64,1,67
165,email,64,1,67
165,email,66,1,67
165,social,67,1,67
166,social,65,0,
166,email,66,0,
166,organic_search,67,0,
167,paid_search,42,0,
168,paid_search,19,1,27
168,email,22,1,27
168,email,25,1,27
169,organic_search,38,1,38
169,display,38,1,38
170,organic_search,8,0,
170,paid_search,10,0,
171,paid_search,67,0,
171,organic_search,68,0,
172,direct,63,1,66
172,paid_search,66,1,66
173,direct,30,0,
173,referral,30,0,
173,email,33,0,
174,social,16,0,
175,paid_search,72,0,
175,direct,73,0,
175,email,74,0,
176,email,62,1,64
176,paid_search,64,1,64
177,email,63,0,
178,display,34,0,
178,direct,37,0,
179,email,73,0,
179,email,75,0,
180,social,29,0,
180,social,31,0,
180,paid_search,31,0,
181,email,65,0,
181,referral,67,0,
182,email,19,1,28
182,paid_search,21,1,28
182,direct,24,1,28
182,direct,25,1,28
182,email,28,1,28
183,paid_search,71,1,75
183,referral,71,1,75
183,email,74,1,75
184,social,3,1,7
184,social,6,1,7
184,email,6,1,7
184,paid_search,7,1,7
185,direct,37,0,
185,direct,40,0,
185,organic_search,43,0,
186,paid_search,46,0,
186,email,49,0,
187,social,57,1,65
187,social,57,1,65
187,paid_search,58,1,65
187,referral,58,1,65
187,organic_search,61,1,65
187,organic_search,63,1,65
188,display,39,0,
188,paid_search,41,0,
188,social,43,0,
189,email,45,0,
190,social,43,0,
191,referral,16,1,22
191,direct,16,1,22
191,display,16,1,22
191,direct,19,1,22
191,social,21,1,22
192,direct,3,0,
192,paid_search,6,0,
192,display,8,0,
193,direct,25,0,
194,referral,66,0,
195,email,13,1,19
195,email,14,1,19
195,paid_search,14,1,19
195,organic_search,17,1,19
195,organic_search,19,1,19
196,referral,54,0,
197,direct,50,1,66
197,paid_search,53,1,66
197,email,56,1,66
197,email,59,1,66
197,direct,62,1,66
197,display,65,1,66
198,social,22,0,
198,paid_search,24,0,
199,direct,8,1,12
199,paid_search,10,1,12
200,organic_search,16,1,22
200,direct,18,1,22
200,direct,18,1,22
200,paid_search,18,1,22
200,paid_search,21,1,22
200,organic_search,21,1,22
201,email,72,0,
201,referral,72,0,
201,email,74,0,
202,paid_search,66,0,
202,social,66,0,
203,email,27,0,
203,organic_search,29,0,
204,social,27,1,31
204,referral,27,1,31
204,paid_search,29,1,31
205,email,45,0,
206,email,24,1,28
206,email,27,1,28
207,display,18,0,
207,paid_search,20,0,
207,email,23,0,
208,referral,54,0,
208,display,56,0,
208,social,59,0,
209,social,60,1,68
209,display,63,1,68
209,direct,65,1,68
209,social,67,1,68
209,referral,68,1,68
210,organic_search,57,0,
210,paid_search,59,0,
210,organic_search,60,0,
211,organic_search,49,1,52
211,direct,49,1,52
211,paid_search,50,1,52
211,organic_search,50,1,52
211,email,50,1,52
212,social,63,1,67
212,email,66,1,67
212,organic_search,66,1,67
212,organic_search,67,1,67
213,email,11,1,18
213,referral,13,1,18
213,referral,15,1,18
213,email,16,1,18
214,email,13,0,
214,social,15,0,
215,organic_search,19,0,
215,social,19,0,
216,referral,68,0,
216,direct,69,0,
217,direct,38,1,47
217,direct,40,1,47
217,direct,42,1,47
217,email,45,1,47
217,paid_search,47,1,47
218,email,38,1,43
218,email,40,1,43
218,paid_search,43,1,43
219,direct,62,1,67
219,direct,65,1,67
219,organic_search,65,1,67
219,organic_search,66,1,67
220,email,73,1,76
220,paid_search,74,1,76
221,social,4,1,14
221,display,7,1,14
221,organic_search,9,1,14
221,referral,9,1,14
221,organic_search,12,1,14
222,organic_search,78,1,84
222,organic_search,79,1,84
222,organic_search,82,1,84
223,referral,34,0,
223,social,37,0,
224,email,51,1,54
224,direct,54,1,54
225,paid_search,58,1,61
225,social,59,1,61
225,social,61,1,61
226,email,16,0,
226,display,19,0,
227,social,13,1,16
227,direct,13,1,16
227,referral,13,1,16
227,referral,16,1,16
227,email,16,1,16
227,organic_search,16,1,16
228,direct,17,0,
228,referral,19,0,
229,paid_search,20,0,
229,social,23,0,
230,paid_search,49,1,57
230,paid_search,52,1,57
230,referral,54,1,57
230,organic_search,55,1,57
231,paid_search,5,1,10
231,direct,7,1,10
231,email,8,1,10
231,referral,10,1,10
232,email,10,1,16
232,direct,10,1,16
232,referral,12,1,16
232,referral,12,1,16
232,organic_search,14,1,16
233,email,20,1,27
233,social,22,1,27
233,referral,25,1,27
234,email,24,0,
234,organic_search,25,0,
234,direct,28,0,
234,referral,31,0,
235,display,71,1,73
235,direct,72,1,73
236,organic_search,33,1,41
236,social,36,1,41
236,direct,37,1,41
236,organic_search,40,1,41
236,referral,40,1,41
237,paid_search,74,1,80
237,organic_search,77,1,80
237,email,79,1,80
238,direct,7,0,
238,social,7,0,
239,organic_search,29,0,
240,organic_search,58,0,
240,email,59,0,
240,organic_search,62,0,
240,organic_search,63,0,
241,display,3,1,6
241,email,5,1,6
241,email,5,1,6
241,display,6,1,6
242,social,70,1,77
242,paid_search,72,1,77
242,direct,72,1,77
242,direct,75,1,77
243,paid_search,12,0,
243,paid_search,12,0,
244,referral,2,0,
245,direct,4,1,10
245,display,5,1,10
245,referral,7,1,10
245,email,9,1,10
246,organic_search,34,0,
247,social,63,1,67
247,display,65,1,67
248,organic_search,16,1,21
248,display,18,1,21
248,organic_search,21,1,21
248,email,21,1,21
249,email,35,0,
249,paid_search,36,0,
249,display,38,0,
250,social,58,0,
251,referral,26,0,
251,organic_search,29,0,
252,email,65,1,72
252,email,66,1,72
252,direct,69,1,72
252,email,70,1,72
253,email,58,0,
254,email,39,1,43
254,email,42,1,43
254,organic_search,43,1,43
255,referral,50,0,
256,paid_search,18,0,
257,social,32,0,
258,organic_search,25,0,
258,direct,28,0,
259,direct,41,0,
259,organic_search,41,0,
259,organic_search,43,0,
259,email,44,0,
260,display,10,1,21
260,direct,11,1,21
260,organic_search,14,1,21
260,email,16,1,21
260,organic_search,19,1,21
260,social,19,1,21
261,organic_search,47,1,57
261,social,49,1,57
261,email,51,1,57
261,email,53,1,57
261,social,55,1,57
262,paid_search,26,0,
262,direct,26,0,
263,email,10,1,13
263,paid_search,13,1,13
264,paid_search,68,0,
264,paid_search,71,0,
264,paid_search,73,0,
265,email,41,0,
266,direct,37,1,38
267,email,15,1,21
267,organic_search,15,1,21
267,display,15,1,21
267,email,17,1,21
267,direct,20,1,21
268,organic_search,59,1,60
268,paid_search,59,1,60
268,referral,60,1,60
269,email,35,1,38
269,referral,38,1,38
269,referral,38,1,38
270,paid_search,52,1,55
270,organic_search,54,1,55
270,social,55,1,55
271,organic_search,64,1,76
271,paid_search,67,1,76
271,direct,69,1,76
271,paid_search,72,1,76
271,referral,74,1,76
272,paid_search,16,1,24
272,direct,16,1,24
272,email,18,1,24
272,social,20,1,24
272,paid_search,22,1,24
272,referral,24,1,24
273,email,40,1,49
273,organic_search,43,1,49
273,referral,46,1,49
273,social,49,1,49
274,referral,48,0,
274,organic_search,51,0,
274,social,54,0,
275,direct,46,0,
275,organic_search,46,0,
276,paid_search,54,0,
277,email,54,0,
278,direct,59,0,
278,direct,61,0,
279,paid_search,21,1,27
279,direct,23,1,27
279,paid_search,24,1,27
279,paid_search,24,1,27
279,paid_search,26,1,27
279,organic_search,27,1,27
280,organic_search,43,0,
280,paid_search,45,0,
281,paid_search,47,0,
281,organic_search,47,0,
281,email,48,0,
282,email,29,0,
282,paid_search,31,0,
283,paid_search,65,1,70
283,referral,68,1,70
284,organic_search,21,0,
284,referral,23,0,
284,direct,25,0,
285,email,28,0,
286,paid_search,9,0,
286,email,9,0,
287,direct,65,1,70
287,paid_search,66,1,70
287,paid_search,68,1,70
288,social,3,1,9
288,direct,5,1,9
288,direct,7,1,9
289,email,38,1,44
289,direct,39,1,44
289,social,40,1,44
289,direct,42,1,44
289,organic_search,44,1,44
290,display,42,0,
290,organic_search,44,0,
291,social,52,0,
291,email,54,0,
292,organic_search,6,1,11
292,direct,7,1,11
292,paid_search,8,1,11
292,email,10,1,11
292,organic_search,10,1,11
293,direct,9,1,16
293,referral,11,1,16
293,referral,13,1,16
293,social,16,1,16
294,organic_search,40,1,44
294,paid_search,42,1,44
294,direct,44,1,44
295,organic_search,57,1,58
296,social,22,0,
296,social,23,0,
297,organic_search,45,0,
298,email,29,1,40
298,email,32,1,40
298,referral,33,1,40
298,referral,35,1,40
298,direct,38,1,40
298,social,38,1,40
299,paid_search,8,1,11
299,direct,9,1,11
300,referral,10,1,17
300,referral,13,1,17
300,direct,15,1,17
301,paid_search,22,0,
301,organic_search,23,0,
302,organic_search,6,0,
302,direct,9,0,
303,social,33,1,38
303,email,34,1,38
303,paid_search,37,1,38
304,organic_search,39,0,
304,direct,39,0,
305,paid_search,62,0,
305,paid_search,64,0,
305,referral,65,0,
305,organic_search,67,0,
306,referral,28,0,
307,paid_search,16,1,19
307,email,17,1,19
307,display,18,1,19
308,organic_search,72,1,79
308,email,73,1,79
308,referral,74,1,79
308,paid_search,75,1,79
308,paid_search,77,1,79
309,direct,20,1,27
309,paid_search,23,1,27
309,direct,23,1,27
309,direct,24,1,27
309,social,25,1,27
310,direct,34,1,36
310,display,35,1,36
311,social,4,0,
311,paid_search,6,0,
311,direct,9,0,
312,social,59,0,
313,paid_search,28,0,
313,organic_search,29,0,
314,display,53,0,
314,social,53,0,
315,social,27,1,34
315,direct,29,1,34
315,email,29,1,34
315,referral,32,1,34
316,direct,35,1,36
316,paid_search,36,1,36
316,email,36,1,36
316,referral,36,1,36
317,display,57,1,66
317,referral,59,1,66
317,direct,61,1,66
317,paid_search,64,1,66
317,email,66,1,66
318,organic_search,38,1,43
318,social,40,1,43
318,organic_search,42,1,43
319,organic_search,68,1,75
319,direct,69,1,75
319,referral,71,1,75
319,organic_search,73,1,75
320,paid_search,6,1,12
320,referral,6,1,12
320,direct,7,1,12
320,email,10,1,12
321,email,35,0,
321,email,36,0,
322,social,62,1,72
322,organic_search,65,1,72
322,organic_search,66,1,72
322,organic_search,66,1,72
322,email,69,1,72
322,direct,72,1,72
323,organic_search,56,1,57
323,direct,57,1,57
324,email,32,1,36
324,social,33,1,36
324,paid_search,36,1,36
325,social,54,1,60
325,paid_search,56,1,60
325,paid_search,58,1,60
325,referral,58,1,60
325,organic_search,58,1,60
326,paid_search,56,1,64
326,paid_search,59,1,64
326,direct,59,1,64
326,organic_search,60,1,64
326,social,62,1,64
327,direct,38,0,
327,referral,38,0,
327,paid_search,39,0,
328,display,39,0,
328,social,40,0,
328,social,41,0,
329,organic_search,42,1,45
329,social,43,1,45
330,paid_search,67,1,70
330,direct,69,1,70
330,organic_search,70,1,70
331,direct,25,1,26
332,email,57,0,
333,email,57,0,
334,paid_search,76,0,
334,email,78,0,
335,referral,38,1,46
335,organic_search,40,1,46
335,organic_search,42,1,46
335,social,44,1,46
336,email,38,1,39
336,email,39,1,39
336,organic_search,39,1,39
336,email,39,1,39
336,direct,39,1,39
336,paid_search,39,1,39
337,referral,14,0,
338,referral,66,0,
338,referral,69,0,
338,email,71,0,
338,social,74,0,
339,display,53,1,55
339,referral,54,1,55
339,direct,55,1,55
340,email,26,1,29
340,paid_search,27,1,29
340,email,28,1,29
341,display,50,1,57
341,email,53,1,57
341,email,53,1,57
341,paid_search,55,1,57
342,display,41,1,47
342,email,41,1,47
342,organic_search,41,1,47
342,referral,43,1,47
342,email,46,1,47
343,referral,66,1,68
343,email,67,1,68
344,social,28,0,
345,paid_search,74,0,
345,social,74,0,
345,social,77,0,
346,email,43,1,49
346,direct,43,1,49
346,paid_search,44,1,49
346,direct,47,1,49
347,referral,48,0,
347,email,48,0,
347,display,48,0,
348,paid_search,55,1,64
348,direct,57,1,64
348,email,60,1,64
348,display,63,1,64
349,organic_search,19,0,
350,email,1,0,
351,social,32,0,
352,direct,33,1,43
352,direct,36,1,43
352,display,39,1,43
352,email,41,1,43
352,display,43,1,43
353,referral,72,1,75
353,paid_search,73,1,75
353,email,74,1,75
354,email,63,1,65
354,social,63,1,65
355,email,72,0,
355,email,72,0,
356,display,51,0,
356,organic_search,51,0,
357,display,64,0,
358,social,53,0,
358,paid_search,55,0,
358,display,55,0,
359,referral,52,0,
360,display,14,1,17
360,direct,17,1,17
360,direct,17,1,17
361,organic_search,64,0,
362,paid_search,0,0,
362,social,1,0,
363,paid_search,61,1,74
363,organic_search,63,1,74
363,paid_search,66,1,74
363,social,69,1,74
363,direct,72,1,74
364,referral,51,0,
364,paid_search,51,0,
364,email,54,0,
365,direct,20,0,
365,email,23,0,
366,organic_search,11,0,
366,direct,13,0,
367,direct,63,1,64
367,direct,63,1,64
367,email,63,1,64
367,email,64,1,64
367,social,64,1,64
368,direct,45,0,
369,email,15,0,
369,organic_search,15,0,
369,organic_search,18,0,
370,direct,77,0,
370,organic_search,80,0,
370,referral,83,0,
370,referral,83,0,
371,social,50,1,63
371,referral,53,1,63
371,email,56,1,63
371,social,59,1,63
371,email,61,1,63
371,organic_search,61,1,63
372,organic_search,30,0,
372,referral,31,0,
373,email,58,0,
374,email,22,0,
374,email,22,0,
375,referral,38,1,42
375,referral,39,1,42
375,direct,40,1,42
375,email,40,1,42
376,display,56,0,
376,email,57,0,
377,direct,7,0,
377,direct,7,0,
378,social,15,0,
379,social,68,1,75
379,referral,71,1,75
379,email,73,1,75
380,direct,44,0,
381,direct,62,0,
381,organic_search,63,0,
382,email,40,0,
383,social,39,0,
383,referral,39,0,
384,direct,13,1,15
385,social,24,0,
385,email,25,0,
385,organic_search,25,0,
386,paid_search,41,0,
386,organic_search,44,0,
386,referral,47,0,
387,organic_search,30,1,31
387,paid_search,31,1,31
388,paid_search,57,1,65
388,referral,60,1,65
388,direct,62,1,65
388,display,64,1,65
389,paid_search,51,1,60
389,paid_search,52,1,60
389,direct,54,1,60
389,display,55,1,60
389,direct,58,1,60
390,paid_search,19,1,22
390,referral,21,1,22
390,display,22,1,22
390,email,22,1,22
391,display,59,0,
392,display,59,0,
392,email,61,0,
393,paid_search,72,1,77
393,direct,74,1,77
393,direct,74,1,77
393,display,76,1,77
394,direct,51,1,55
394,paid_search,52,1,55
394,email,54,1,55
394,organic_search,54,1,55
395,paid_search,55,0,
395,direct,55,0,
396,email,33,0,
397,direct,20,0,
397,organic_search,22,0,
397,paid_search,24,0,
398,email,72,1,87
398,organic_search,75,1,87
398,referral,78,1,87
398,organic_search,81,1,87
398,email,82,1,87
398,referral,85,1,87
399,social,38,1,43
399,paid_search,38,1,43
399,social,41,1,43
400,email,21,0,
400,paid_search,21,0,
401,social,48,0,
401,referral,49,0,
402,display,27,1,34
402,referral,28,1,34
402,email,31,1,34
402,email,32,1,34
402,organic_search,34,1,34
403,email,65,0,
404,email,59,1,60
405,organic_search,18,0,
406,paid_search,20,1,21
406,paid_search,20,1,21
406,email,21,1,21
407,direct,31,1,33
407,paid_search,33,1,33
408,email,45,1,55
408,direct,47,1,55
408,direct,47,1,55
408,organic_search,50,1,55
408,social,52,1,55
408,social,53,1,55
409,display,37,1,45
409,direct,39,1,45
409,direct,39,1,45
409,email,41,1,45
409,paid_search,43,1,45
409,email,43,1,45
410,direct,62,1,62
411,paid_search,56,1,61
411,display,56,1,61
411,paid_search,56,1,61
411,display,58,1,61
411,email,59,1,61
411,display,60,1,61
412,direct,18,1,22
412,email,20,1,22
412,social,22,1,22
413,organic_search,14,0,
414,social,51,0,
415,direct,4,1,11
415,paid_search,4,1,11
415,paid_search,7,1,11
415,direct,10,1,11
416,organic_search,39,0,
417,paid_search,52,1,56
417,email,52,1,56
417,email,53,1,56
417,social,56,1,56
418,display,20,0,
418,paid_search,21,0,
419,display,72,1,78
419,referral,74,1,78
419,direct,74,1,78
419,organic_search,76,1,78
420,organic_search,47,0,
421,email,6,0,
422,email,63,0,
422,email,65,0,
423,paid_search,67,0,
423,referral,69,0,
424,paid_search,46,1,50
424,email,49,1,50
424,paid_search,50,1,50
424,referral,50,1,50
425,display,69,1,71
425,referral,70,1,71
425,direct,70,1,71
425,social,70,1,71
426,email,29,1,34
426,organic_search,31,1,34
426,paid_search,32,1,34
426,direct,33,1,34
427,paid_search,29,1,32
427,organic_search,30,1,32
427,direct,30,1,32
427,email,32,1,32
428,social,14,0,
428,referral,17,0,
428,email,18,0,
429,display,58,0,
429,organic_search,61,0,
429,direct,62,0,
430,email,10,1,16
430,email,11,1,16
430,paid_search,14,1,16
430,organic_search,14,1,16
431,direct,34,0,
431,email,35,0,
432,email,12,0,
432,paid_search,14,0,
433,direct,73,1,78
433,social,76,1,78
433,email,76,1,78
433,organic_search,78,1,78
434,referral,11,0,
434,organic_search,14,0,
434,organic_search,15,0,
435,direct,34,1,40
435,direct,37,1,40
435,direct,37,1,40
435,paid_search,38,1,40
435,paid_search,39,1,40
436,organic_search,74,0,
437,display,24,1,29
437,social,26,1,29
437,organic_search,28,1,29
437,direct,29,1,29
438,email,47,1,50
438,display,47,1,50
438,display,47,1,50
438,organic_search,50,1,50
439,email,61,0,
439,organic_search,63,0,
440,display,16,0,
441,paid_search,73,1,79
441,referral,73,1,79
441,referral,75,1,79
441,paid_search,78,1,79
441,referral,78,1,79
442,paid_search,38,0,
443,referral,4,0,
443,direct,5,0,
443,paid_search,5,0,
444,organic_search,61,1,61
444,social,61,1,61
445,direct,36,1,42
445,direct,39,1,42
445,referral,39,1,42
445,email,39,1,42
445,paid_search,41,1,42
446,direct,7,1,12
446,referral,9,1,12
446,direct,10,1,12
447,paid_search,57,1,67
447,email,59,1,67
447,organic_search,62,1,67
447,email,65,1,67
447,paid_search,65,1,67
448,paid_search,57,1,64
448,organic_search,58,1,64
448,paid_search,58,1,64
448,display,60,1,64
448,display,63,1,64
449,direct,42,0,
450,display,64,1,68
450,direct,67,1,68
450,paid_search,68,1,68
450,paid_search,68,1,68
450,paid_search,68,1,68
451,email,55,1,59
451,referral,55,1,59
451,social,57,1,59
451,organic_search,57,1,59
452,referral,21,1,29
452,paid_search,23,1,29
452,referral,26,1,29
452,organic_search,28,1,29
453,paid_search,36,1,38
453,paid_search,38,1,38
454,organic_search,10,1,16
454,social,11,1,16
454,direct,14,1,16
454,direct,16,1,16
454,organic_search,16,1,16
454,email,16,1,16
455,email,60,1,67
455,email,63,1,67
455,organic_search,66,1,67
455,paid_search,67,1,67
455,referral,67,1,67
456,paid_search,14,1,15
456,display,15,1,15
456,email,15,1,15
457,referral,18,0,
457,paid_search,21,0,
458,referral,15,0,
458,display,17,0,
458,email,20,0,
459,display,72,1,72
459,paid_search,72,1,72
460,display,65,0,
460,social,65,0,
461,referral,8,0,
461,email,10,0,
462,email,31,1,34
462,email,31,1,34
462,direct,31,1,34
462,organic_search,32,1,34
462,direct,33,1,34
462,referral,34,1,34
463,paid_search,37,0,
464,email,42,1,45
464,organic_search,43,1,45
464,referral,43,1,45
464,paid_search,43,1,45
464,organic_search,43,1,45
465,referral,34,1,39
465,direct,36,1,39
465,social,36,1,39
465,email,39,1,39
466,paid_search,71,0,
466,social,71,0,
467,organic_search,45,1,46
467,email,45,1,46
467,referral,46,1,46
468,display,10,1,15
468,email,13,1,15
468,referral,14,1,15
469,social,67,0,
470,email,44,0,
470,display,44,0,
471,email,53,0,
471,organic_search,55,0,
472,paid_search,27,1,30
472,email,27,1,30
472,paid_search,30,1,30
472,direct,30,1,30
473,direct,46,1,49
473,email,47,1,49
474,email,39,1,47
474,organic_search,41,1,47
474,email,43,1,47
474,direct,45,1,47
474,organic_search,46,1,47
475,paid_search,53,1,61
475,direct,55,1,61
475,paid_search,57,1,61
475,display,57,1,61
475,display,60,1,61
475,referral,60,1,61
476,referral,69,1,76
476,organic_search,71,1,76
476,email,73,1,76
476,display,73,1,76
476,paid_search,75,1,76
477,email,46,0,
477,referral,48,0,
478,social,5,1,14
478,social,7,1,14
478,paid_search,8,1,14
478,paid_search,10,1,14
478,direct,12,1,14
479,direct,15,1,18
479,organic_search,17,1,18
479,email,17,1,18
480,email,25,0,
481,social,20,0,
482,referral,67,1,72
482,referral,68,1,72
482,display,71,1,72
483,referral,15,0,
484,referral,2,1,12
484,email,3,1,12
484,paid_search,6,1,12
484,organic_search,8,1,12
484,referral,11,1,12
485,direct,25,0,
485,email,26,0,
486,social,30,0,
486,referral,31,0,
487,email,70,0,
487,referral,72,0,
487,email,74,0,
488,referral,56,0,
488,email,56,0,
488,email,59,0,
489,paid_search,2,0,
489,referral,5,0,
489,referral,6,0,
490,email,30,0,
490,display,30,0,
491,referral,57,0,
491,display,58,0,
491,direct,59,0,
492,direct,21,1,35
492,referral,24,1,35
492,paid_search,26,1,35
492,email,29,1,35
492,email,32,1,35
492,direct,35,1,35
493,paid_search,76,1,82
493,paid_search,77,1,82
493,email,80,1,82
494,paid_search,3,1,8
494,referral,5,1,8
494,organic_search,7,1,8
495,email,28,0,
495,direct,29,0,
496,email,20,1,26
496,paid_search,23,1,26
496,direct,24,1,26
497,organic_search,13,0,
497,referral,16,0,
498,email,39,0,
498,email,41,0,
498,direct,44,0,
499,direct,14,1,20
499,referral,15,1,20
499,organic_search,15,1,20
499,paid_search,18,1,20
500,social,33,0,
500,organic_search,36,0,
501,referral,6,0,
502,referral,33,1,37
502,social,33,1,37
502,referral,34,1,37
502,organic_search,35,1,37
503,paid_search,35,1,41
503,direct,37,1,41
503,direct,40,1,41
503,direct,40,1,41
504,organic_search,2,0,
505,organic_search,38,0,
506,social,29,0,
506,email,29,0,
507,social,68,1,72
507,social,68,1,72
507,direct,70,1,72
507,organic_search,72,1,72
508,email,66,1,69
508,display,69,1,69
508,display,69,1,69
509,social,41,1,48
509,email,42,1,48
509,referral,42,1,48
509,organic_search,43,1,48
509,email,46,1,48
509,organic_search,48,1,48
510,referral,33,0,
511,direct,20,0,
511,organic_search,23,0,
512,organic_search,18,0,
512,paid_search,18,0,
513,organic_search,40,1,48
513,direct,41,1,48
513,display,44,1,48
513,organic_search,45,1,48
513,organic_search,46,1,48
514,social,31,0,
514,organic_search,33,0,
514,social,36,0,
515,email,61,0,
515,paid_search,62,0,
516,email,76,0,
517,direct,46,0,
518,email,52,0,
518,paid_search,55,0,
519,organic_search,43,0,
519,paid_search,43,0,
520,email,6,1,12
520,display,8,1,12
520,paid_search,8,1,12
520,social,8,1,12
520,social,10,1,12
521,direct,67,0,
521,direct,70,0,
521,referral,71,0,
521,referral,73,0,
522,email,14,0,
522,direct,14,0,
522,referral,15,0,
523,referral,46,1,55
523,referral,48,1,55
523,direct,51,1,55
523,email,53,1,55
523,paid_search,55,1,55
523,direct,55,1,55
524,organic_search,61,1,66
524,organic_search,61,1,66
524,email,64,1,66
524,paid_search,64,1,66
525,organic_search,58,1,65
525,paid_search,60,1,65
525,email,62,1,65
525,referral,64,1,65
525,social,65,1,65
526,paid_search,21,1,29
526,social,24,1,29
526,paid_search,25,1,29
526,paid_search,25,1,29
526,referral,28,1,29
527,direct,24,0,
527,direct,25,0,
527,referral,27,0,
528,paid_search,39,0,
528,referral,39,0,
528,paid_search,42,0,
529,email,31,1,38
529,direct,31,1,38
529,paid_search,34,1,38
529,social,36,1,38
529,organic_search,38,1,38
530,email,1,0,
531,social,49,1,51
531,paid_search,50,1,51
531,organic_search,50,1,51
531,organic_search,51,1,51
532,display,13,0,
532,referral,16,0,
532,email,19,0,
533,social,11,0,
534,display,32,0,
534,referral,35,0,
535,referral,42,0,
535,email,43,0,
535,social,44,0,
536,email,47,1,52
536,social,49,1,52
536,organic_search,50,1,52
537,referral,53,0,
538,display,21,0,
538,direct,23,0,
538,email,24,0,
539,organic_search,57,0,
539,organic_search,58,0,
540,organic_search,35,0,
540,referral,35,0,
541,email,36,0,
542,direct,4,1,5
542,email,5,1,5
543,social,50,1,54
543,paid_search,50,1,54
543,paid_search,52,1,54
544,paid_search,14,0,
545,referral,42,0,
545,email,43,0,
545,paid_search,46,0,
545,direct,46,0,
546,paid_search,67,0,
546,email,69,0,
547,organic_search,74,1,82
547,social,77,1,82
547,organic_search,77,1,82
547,paid_search,79,1,82
547,display,82,1,82
548,referral,29,1,33
548,email,32,1,33
548,referral,32,1,33
549,social,22,1,29
549,organic_search,23,1,29
549,email,25,1,29
549,display,28,1,29
549,organic_search,29,1,29
550,organic_search,27,1,33
550,email,29,1,33
550,referral,29,1,33
550,direct,29,1,33
550,email,32,1,33
551,organic_search,47,0,
552,paid_search,31,1,36
552,paid_search,34,1,36
552,organic_search,34,1,36
553,organic_search,15,1,21
553,direct,15,1,21
553,organic_search,15,1,21
553,direct,16,1,21
553,direct,19,1,21
554,direct,18,1,19
554,paid_search,18,1,19
554,organic_search,19,1,19
555,social,53,1,53
555,email,53,1,53
556,direct,34,0,
557,paid_search,13,1,15
557,paid_search,13,1,15
558,paid_search,39,1,41
558,email,40,1,41
558,organic_search,40,1,41
559,direct,11,0,
559,direct,14,0,
560,social,74,1,74
561,social,65,0,
562,direct,21,1,27
562,organic_search,22,1,27
562,organic_search,24,1,27
562,email,27,1,27
563,paid_search,22,1,25
563,direct,24,1,25
563,email,24,1,25
564,paid_search,20,0,
564,organic_search,22,0,
564,organic_search,23,0,
565,direct,24,1,33
565,display,26,1,33
565,email,28,1,33
565,email,31,1,33
566,paid_search,48,0,
566,organic_search,49,0,
566,direct,51,0,
567,referral,30,0,
567,direct,30,0,
568,organic_search,50,0,
568,social,50,0,
569,email,55,0,
569,referral,56,0,
569,direct,56,0,
570,referral,23,0,
570,display,26,0,
571,referral,15,1,21
571,organic_search,17,1,21
571,direct,19,1,21
572,social,32,0,
572,paid_search,32,0,
572,social,33,0,
573,email,49,0,
574,organic_search,29,1,34
574,direct,31,1,34
574,email,31,1,34
574,paid_search,33,1,34
575,referral,8,1,11
575,organic_search,8,1,11
575,social,8,1,11
575,email,10,1,11
576,display,69,0,
576,organic_search,71,0,
577,referral,75,0,
578,referral,24,1,30
578,referral,26,1,30
578,referral,28,1,30
579,organic_search,46,1,54
579,direct,47,1,54
579,referral,49,1,54
579,social,52,1,54
579,direct,54,1,54
580,direct,45,0,
580,referral,48,0,
580,social,50,0,
581,email,26,1,31
581,direct,29,1,31
581,referral,31,1,31
582,social,42,0,
583,display,39,0,
584,email,34,0,
584,email,35,0,
585,paid_search,34,0,
586,organic_search,52,0,
586,direct,53,0,
587,paid_search,33,0,
587,email,34,0,
588,direct,17,1,29
588,organic_search,19,1,29
588,email,22,1,29
588,email,24,1,29
588,display,27,1,29
588,direct,27,1,29
589,direct,27,1,33
589,referral,29,1,33
589,paid_search,29,1,33
589,paid_search,32,1,33
590,referral,77,1,84
590,organic_search,80,1,84
590,paid_search,82,1,84
590,direct,84,1,84
591,paid_search,8,0,
591,email,8,0,
592,paid_search,58,0,
592,organic_search,59,0,
593,paid_search,6,0,
593,email,6,0,
594,direct,15,0,
595,social,53,0,
596,email,14,1,22
596,email,14,1,22
596,organic_search,16,1,22
596,paid_search,19,1,22
596,referral,20,1,22
597,direct,37,0,
598,referral,51,1,55
598,email,52,1,55
598,referral,54,1,55
599,organic_search,66,0,
600,organic_search,61,0,
601,paid_search,42,0,
602,direct,37,0,
602,organic_search,40,0,
603,social,55,0,
603,referral,57,0,
603,referral,60,0,
604,direct,12,0,
604,organic_search,15,0,
604,social,15,0,
605,paid_search,46,1,47
605,social,46,1,47
606,direct,70,1,77
606,organic_search,72,1,77
606,email,75,1,77
606,paid_search,76,1,77
606,paid_search,76,1,77
607,email,61,0,
607,email,63,0,
608,direct,21,1,23
608,social,23,1,23
608,paid_search,23,1,23
609,display,26,1,37
609,referral,28,1,37
609,organic_search,31,1,37
609,paid_search,34,1,37
609,email,35,1,37
610,referral,58,1,66
610,email,58,1,66
610,paid_search,60,1,66
610,organic_search,63,1,66
610,paid_search,65,1,66
611,paid_search,65,1,74
611,paid_search,68,1,74
611,email,68,1,74
611,paid_search,71,1,74
611,paid_search,74,1,74
612,paid_search,68,1,73
612,email,68,1,73
612,referral,68,1,73
612,direct,71,1,73
613,organic_search,36,0,
613,paid_search,38,0,
613,paid_search,40,0,
614,organic_search,68,0,
614,email,70,0,
614,organic_search,72,0,
614,email,75,0,
615,paid_search,51,1,56
615,email,52,1,56
615,paid_search,54,1,56
615,organic_search,55,1,56
616,email,38,0,
617,direct,12,0,
617,email,12,0,
618,direct,17,1,19
618,direct,19,1,19
619,organic_search,13,1,19
619,referral,14,1,19
619,display,16,1,19
619,social,18,1,19
620,referral,25,1,34
620,referral,28,1,34
620,paid_search,30,1,34
620,organic_search,33,1,34
621,direct,37,1,41
621,paid_search,38,1,41
621,paid_search,39,1,41
621,referral,39,1,41
621,organic_search,39,1,41
622,paid_search,42,0,
623,email,38,0,
623,email,38,0,
624,organic_search,43,0,
624,paid_search,46,0,
625,social,25,1,29
625,email,27,1,29
625,referral,28,1,29
625,organic_search,28,1,29
626,direct,5,0,
626,paid_search,8,0,
627,email,38,0,
627,paid_search,38,0,
628,display,65,1,70
628,social,67,1,70
628,paid_search,69,1,70
629,social,56,1,61
629,social,56,1,61
629,organic_search,59,1,61
629,paid_search,61,1,61
630,direct,68,1,76
630,organic_search,68,1,76
630,paid_search,70,1,76
630,email,70,1,76
630,email,72,1,76
630,organic_search,74,1,76
631,referral,69,0,
631,organic_search,70,0,
631,organic_search,73,0,
632,email,59,0,
633,paid_search,19,1,25
633,organic_search,19,1,25
633,email,20,1,25
633,email,20,1,25
633,referral,23,1,25
634,email,34,0,
634,social,34,0,
634,social,37,0,
635,email,17,1,20
635,direct,19,1,20
636,social,11,0,
636,referral,12,0,
637,referral,42,0,
638,referral,4,1,9
638,display,7,1,9
638,email,7,1,9
638,referral,9,1,9
639,paid_search,40,1,46
639,display,41,1,46
639,paid_search,44,1,46
640,direct,5,0,
641,direct,37,0,
641,referral,38,0,
642,paid_search,38,0,
643,referral,13,0,
643,referral,14,0,
644,organic_search,1,1,10
644,referral,2,1,10
644,paid_search,4,1,10
644,referral,6,1,10
644,paid_search,8,1,10
644,email,10,1,10
645,social,67,0,
646,paid_search,67,0,
646,paid_search,68,0,
646,display,70,0,
646,direct,73,0,
647,email,44,1,48
647,direct,44,1,48
647,direct,46,1,48
648,organic_search,38,1,39
648,direct,38,1,39
648,social,38,1,39
648,social,38,1,39
649,direct,48,1,58
649,display,50,1,58
649,social,53,1,58
649,organic_search,56,1,58
649,paid_search,56,1,58
650,email,7,1,9
650,social,9,1,9
651,email,43,0,
651,organic_search,45,0,
651,display,48,0,
652,direct,50,0,
653,organic_search,14,0,
653,email,16,0,
654,paid_search,27,1,31
654,display,28,1,31
654,organic_search,31,1,31
655,paid_search,2,0,
656,organic_search,55,1,65
656,organic_search,58,1,65
656,direct,59,1,65
656,referral,60,1,65
656,paid_search,60,1,65
656,social,63,1,65
657,paid_search,77,0,
658,paid_search,31,1,37
658,email,31,1,37
658,referral,32,1,37
658,social,33,1,37
658,organic_search,36,1,37
659,organic_search,23,0,
660,paid_search,52,0,
661,paid_search,6,1,14
661,referral,9,1,14
661,direct,10,1,14
661,organic_search,11,1,14
661,email,12,1,14
662,referral,55,1,57
662,direct,56,1,57
662,display,57,1,57
663,referral,37,1,44
663,email,40,1,44
663,social,43,1,44
664,social,61,0,
664,paid_search,61,0,
665,email,27,1,32
665,email,30,1,32
666,email,27,1,29
666,email,27,1,29
666,email,29,1,29
667,referral,59,0,
668,organic_search,59,0,
668,direct,59,0,
668,organic_search,60,0,
669,paid_search,59,1,65
669,paid_search,60,1,65
669,organic_search,62,1,65
669,organic_search,63,1,65
670,email,17,0,
671,organic_search,69,0,
671,email,69,0,
671,email,70,0,
671,direct,70,0,
671,social,72,0,
672,email,72,0,
673,social,64,1,73
673,organic_search,66,1,73
673,email,68,1,73
673,organic_search,70,1,73
673,display,72,1,73
674,paid_search,3,1,5
674,social,3,1,5
675,organic_search,22,0,
675,direct,25,0,
675,email,26,0,
676,referral,74,0,
676,display,74,0,
677,direct,58,0,
678,email,75,0,
678,direct,77,0,
679,paid_search,58,0,
679,referral,59,0,
680,social,57,0,
680,email,57,0,
681,direct,41,1,45
681,paid_search,42,1,45
681,organic_search,44,1,45
682,organic_search,29,0,
682,display,30,0,
682,social,32,0,
683,referral,74,0,
684,display,8,1,10
684,referral,8,1,10
684,referral,9,1,10
685,paid_search,0,0,
686,social,67,1,68
686,organic_search,68,1,68
687,referral,49,0,
688,paid_search,18,1,24
688,direct,18,1,24
688,email,20,1,24
688,paid_search,22,1,24
689,organic_search,41,1,51
689,display,44,1,51
689,paid_search,46,1,51
689,organic_search,47,1,51
689,email,50,1,51
690,email,41,1,43
690,email,42,1,43
691,social,25,1,32
691,paid_search,28,1,32
691,email,30,1,32
692,paid_search,65,1,69
692,social,67,1,69
692,direct,68,1,69
692,organic_search,68,1,69
693,email,20,1,27
693,email,20,1,27
693,direct,22,1,27
693,email,25,1,27
694,referral,16,1,21
694,direct,18,1,21
694,paid_search,18,1,21
694,organic_search,20,1,21
694,paid_search,20,1,21
695,referral,67,1,74
695,referral,67,1,74
695,direct,69,1,74
695,social,72,1,74
695,paid_search,73,1,74
696,social,69,0,
696,email,69,0,
696,referral,70,0,
697,referral,22,0,
697,display,23,0,
697,paid_search,26,0,
698,organic_search,28,1,35
698,paid_search,31,1,35
698,email,33,1,35
699,referral,5,0,
699,display,7,0,
699,organic_search,9,0,
699,referral,11,0,
700,organic_search,19,0,
700,organic_search,22,0,
701,paid_search,16,1,19
701,email,18,1,19
701,organic_search,18,1,19
701,paid_search,18,1,19
702,email,48,1,48
703,email,25,1,35
703,email,26,1,35
703,organic_search,29,1,35
703,direct,32,1,35
703,direct,35,1,35
704,social,19,0,
705,paid_search,18,0,
705,paid_search,19,0,
706,email,65,0,
706,paid_search,65,0,
707,organic_search,44,0,
707,display,45,0,
708,social,60,0,
709,social,58,1,65
709,email,58,1,65
709,organic_search,61,1,65
709,organic_search,63,1,65
710,email,41,0,
710,direct,42,0,
710,referral,44,0,
711,email,69,1,72
711,social,70,1,72
711,email,72,1,72
712,email,5,1,10
712,email,5,1,10
712,direct,5,1,10
712,organic_search,7,1,10
712,referral,10,1,10
713,social,12,0,
713,direct,12,0,
714,direct,73,1,81
714,organic_search,76,1,81
714,email,77,1,81
714,paid_search,79,1,81
715,email,55,1,58
715,paid_search,57,1,58
715,paid_search,57,1,58
716,email,14,1,19
716,social,16,1,19
716,organic_search,16,1,19
716,organic_search,18,1,19
716,social,18,1,19
717,email,46,1,55
717,paid_search,46,1,55
717,referral,47,1,55
717,organic_search,48,1,55
717,social,50,1,55
717,paid_search,53,1,55
718,direct,75,0,
718,organic_search,78,0,
718,referral,79,0,
718,social,80,0,
719,display,30,1,33
719,referral,32,1,33
719,direct,32,1,33
720,referral,68,0,
721,email,63,0,
722,referral,34,0,
723,email,4,0,
724,email,32,0,
725,email,21,1,24
725,paid_search,23,1,24
726,organic_search,41,1,50
726,organic_search,43,1,50
726,email,43,1,50
726,direct,46,1,50
726,paid_search,48,1,50
727,email,17,0,
727,organic_search,19,0,
727,direct,20,0,
727,referral,21,0,
728,organic_search,47,1,47
728,display,47,1,47
728,email,47,1,47
729,social,6,0,
730,direct,45,0,
730,paid_search,48,0,
731,social,25,0,
731,referral,25,0,
731,social,25,0,
732,paid_search,56,1,59
732,organic_search,59,1,59
732,organic_search,59,1,59
733,display,40,0,
733,paid_search,41,0,
733,display,42,0,
734,email,5,0,
735,display,70,0,
735,display,70,0,
735,direct,70,0,
736,referral,74,1,78
736,organic_search,76,1,78
737,paid_search,14,1,14
737,paid_search,14,1,14
737,direct,14,1,14
738,direct,66,1,69
738,direct,67,1,69
738,email,68,1,69
739,paid_search,3,1,4
739,email,3,1,4
740,email,10,0,
740,paid_search,10,0,
740,organic_search,10,0,
741,social,18,1,24
741,referral,19,1,24
741,display,21,1,24
741,paid_search,21,1,24
741,social,23,1,24
742,organic_search,9,0,
742,email,12,0,
743,paid_search,51,1,55
743,email,54,1,55
744,referral,21,1,28
744,email,24,1,28
744,social,27,1,28
744,organic_search,28,1,28
745,direct,47,1,48
746,direct,70,0,
746,email,71,0,
747,direct,73,1,81
747,referral,74,1,81
747,email,77,1,81
747,organic_search,79,1,81
748,direct,72,1,73
748,organic_search,73,1,73
749,organic_search,61,0,
749,social,63,0,
749,email,65,0,
750,email,66,1,74
750,organic_search,69,1,74
750,organic_search,72,1,74
750,email,72,1,74
751,paid_search,56,0,
751,direct,58,0,
752,social,73,0,
752,organic_search,76,0,
753,social,28,0,
753,direct,28,0,
754,display,37,1,38
754,direct,38,1,38
755,direct,72,0,
756,referral,47,0,
756,organic_search,48,0,
757,display,14,0,
757,referral,16,0,
757,organic_search,19,0,
757,paid_search,20,0,
758,paid_search,65,1,71
758,referral,68,1,71
758,display,70,1,71
759,display,71,1,77
759,direct,73,1,77
759,direct,75,1,77
759,social,77,1,77
760,paid_search,65,1,68
760,direct,65,1,68
760,direct,66,1,68
761,organic_search,6,1,11
761,paid_search,7,1,11
761,paid_search,10,1,11
761,email,10,1,11
762,organic_search,57,0,
762,referral,57,0,
763,organic_search,17,0,
763,referral,17,0,
763,paid_search,17,0,
763,email,17,0,
764,direct,34,1,35
764,email,34,1,35
764,social,35,1,35
765,paid_search,26,0,
765,organic_search,28,0,
765,social,30,0,
766,social,11,1,16
766,organic_search,11,1,16
766,referral,14,1,16
766,referral,15,1,16
767,email,15,1,18
767,direct,15,1,18
767,paid_search,15,1,18
767,social,16,1,18
768,direct,59,0,
769,direct,49,1,56
769,social,51,1,56
769,email,54,1,56
769,social,56,1,56
770,organic_search,6,1,13
770,paid_search,9,1,13
770,paid_search,10,1,13
770,referral,13,1,13
771,referral,74,0,
771,email,75,0,
772,referral,4,0,
773,organic_search,48,1,51
773,display,49,1,51
773,paid_search,49,1,51
773,display,51,1,51
773,paid_search,51,1,51
774,referral,5,0,
774,email,5,0,
774,paid_search,6,0,
774,paid_search,8,0,
775,paid_search,71,0,
775,organic_search,71,0,
776,paid_search,34,1,41
776,social,34,1,41
776,social,34,1,41
776,direct,37,1,41
776,direct,40,1,41
776,social,40,1,41
777,organic_search,26,1,32
777,direct,27,1,32
777,organic_search,30,1,32
778,paid_search,43,0,
779,direct,37,0,
780,referral,37,0,
781,email,52,0,
782,organic_search,18,0,
783,email,49,0,
784,organic_search,36,1,39
784,direct,39,1,39
785,social,70,1,81
785,direct,73,1,81
785,social,75,1,81
785,referral,76,1,81
785,organic_search,79,1,81
785,email,80,1,81
786,email,52,1,61
786,email,52,1,61
786,organic_search,54,1,61
786,direct,56,1,61
786,display,58,1,61
786,email,61,1,61
787,display,46,0,
787,direct,49,0,
788,paid_search,24,0,
788,social,27,0,
788,paid_search,28,0,
789,display,16,0,
789,organic_search,16,0,
790,email,61,0,
791,direct,0,0,
791,display,0,0,
792,social,66,1,72
792,referral,67,1,72
792,referral,68,1,72
792,email,71,1,72
793,social,39,0,
793,email,42,0,
793,paid_search,45,0,
794,social,43,1,49
794,email,45,1,49
794,email,46,1,49
794,direct,46,1,49
794,direct,48,1,49
795,social,38,0,
796,organic_search,36,0,
797,email,66,1,71
797,referral,69,1,71
797,paid_search,71,1,71
798,email,26,1,30
798,email,26,1,30
798,referral,28,1,30
799,organic_search,19,1,19
799,social,19,1,19
800,referral,39,0,
800,paid_search,39,0,
800,social,41,0,
801,email,4,0,
801,organic_search,7,0,
801,paid_search,9,0,
801,social,10,0,
802,email,13,1,16
802,organic_search,14,1,16
803,paid_search,72,1,79
803,social,74,1,79
803,paid_search,75,1,79
803,paid_search,77,1,79
804,direct,53,0,
804,referral,55,0,
805,email,53,1,63
805,email,55,1,63
805,paid_search,58,1,63
805,email,59,1,63
805,social,62,1,63
806,email,31,1,32
807,referral,48,0,
808,email,6,1,9
808,direct,6,1,9
808,organic_search,8,1,9
809,paid_search,69,1,83
809,paid_search,72,1,83
809,paid_search,75,1,83
809,email,78,1,83
809,social,81,1,83
810,referral,49,0,
811,paid_search,75,1,84
811,organic_search,77,1,84
811,direct,80,1,84
811,paid_search,83,1,84
811,referral,83,1,84
811,paid_search,84,1,84
812,display,61,1,69
812,social,62,1,69
812,organic_search,65,1,69
812,organic_search,67,1,69
813,direct,57,1,64
813,email,60,1,64
813,direct,62,1,64
813,social,62,1,64
813,display,64,1,64
814,paid_search,68,1,70
814,direct,68,1,70
814,direct,68,1,70
815,referral,25,1,27
815,paid_search,26,1,27
816,paid_search,32,0,
816,paid_search,32,0,
816,referral,35,0,
817,social,53,0,
817,email,55,0,
817,referral,56,0,
818,email,63,0,
818,organic_search,64,0,
818,referral,64,0,
818,email,65,0,
818,paid_search,67,0,
819,direct,14,1,24
819,organic_search,14,1,24
819,direct,16,1,24
819,referral,19,1,24
819,email,22,1,24
819,referral,22,1,24
820,email,71,0,
821,social,41,1,52
821,social,44,1,52
821,referral,46,1,52
821,email,48,1,52
821,referral,50,1,52
822,referral,66,0,
823,referral,40,1,43
823,referral,42,1,43
823,organic_search,43,1,43
824,direct,40,0,
824,referral,40,0,
825,display,15,0,
826,display,21,0,
826,social,22,0,
826,display,24,0,
826,paid_search,26,0,
827,organic_search,68,0,
827,social,71,0,
827,organic_search,72,0,
828,direct,11,0,
828,organic_search,13,0,
828,referral,13,0,
829,organic_search,7,1,16
829,paid_search,9,1,16
829,email,12,1,16
829,email,13,1,16
829,organic_search,15,1,16
830,referral,5,1,10
830,social,7,1,10
830,referral,8,1,10
831,organic_search,48,1,49
831,paid_search,49,1,49
832,organic_search,43,1,48
832,referral,46,1,48
832,organic_search,47,1,48
833,email,60,1,71
833,organic_search,60,1,71
833,paid_search,62,1,71
833,paid_search,65,1,71
833,direct,68,1,71
833,email,70,1,71
834,paid_search,2,1,10
834,email,5,1,10
834,paid_search,5,1,10
834,paid_search,8,1,10
835,direct,62,0,
835,email,64,0,
835,organic_search,67,0,
836,email,12,0,
837,referral,23,1,29
837,direct,26,1,29
837,organic_search,28,1,29
838,email,63,0,
838,paid_search,65,0,
838,referral,68,0,
838,direct,68,0,
839,organic_search,5,0,
839,organic_search,5,0,
840,display,44,0,
840,referral,44,0,
841,referral,55,0,
842,display,4,0,
843,email,29,0,
843,paid_search,30,0,
844,paid_search,62,1,66
844,display,63,1,66
844,paid_search,64,1,66
845,display,37,0,
845,referral,37,0,
846,social,49,0,
846,paid_search,51,0,
846,direct,53,0,
847,social,54,0,
847,paid_search,54,0,
848,referral,52,0,
848,display,53,0,
848,social,55,0,
849,email,5,1,15
849,display,5,1,15
849,direct,6,1,15
849,email,9,1,15
849,social,12,1,15
849,referral,14,1,15
850,paid_search,64,1,67
850,paid_search,66,1,67
850,paid_search,66,1,67
851,direct,31,1,39
851,referral,34,1,39
851,paid_search,36,1,39
851,email,38,1,39
851,paid_search,38,1,39
852,direct,63,0,
852,direct,66,0,
852,paid_search,68,0,
852,referral,71,0,
853,direct,55,0,
854,paid_search,4,0,
854,paid_search,7,0,
855,organic_search,77,1,84
855,social,77,1,84
855,email,80,1,84
855,referral,80,1,84
855,direct,83,1,84
856,organic_search,43,0,
856,email,45,0,
857,organic_search,33,0,
857,paid_search,33,0,
857,paid_search,35,0,
857,referral,37,0,
858,paid_search,67,1,73
858,social,70,1,73
858,direct,71,1,73
859,paid_search,18,1,21
859,paid_search,21,1,21
860,email,15,1,20
860,social,17,1,20
860,paid_search,17,1,20
860,organic_search,20,1,20
861,paid_search,45,0,
862,social,60,1,62
862,paid_search,62,1,62
863,direct,48,1,50
863,paid_search,49,1,50
863,email,49,1,50
864,direct,56,0,
864,referral,58,0,
864,direct,59,0,
865,email,4,0,
866,direct,37,0,
866,social,37,0,
867,direct,58,1,58
868,social,12,0,
868,paid_search,12,0,
869,email,24,0,
870,referral,9,1,13
870,social,10,1,13
870,organic_search,11,1,13
871,organic_search,13,0,
871,paid_search,16,0,
872,display,8,0,
872,social,11,0,
872,direct,14,0,
873,social,58,1,62
873,social,59,1,62
873,paid_search,61,1,62
873,paid_search,62,1,62
874,email,73,1,78
874,email,74,1,78
874,direct,77,1,78
875,display,74,0,
875,direct,75,0,
875,social,76,0,
876,referral,20,0,
876,social,23,0,
877,email,29,0,
878,referral,61,0,
878,organic_search,63,0,
879,paid_search,6,1,10
879,organic_search,8,1,10
879,paid_search,9,1,10
880,email,62,0,
881,email,76,1,78
881,paid_search,76,1,78
881,display,77,1,78
882,paid_search,14,0,
883,organic_search,49,0,
883,paid_search,51,0,
884,social,41,0,
884,organic_search,42,0,
885,paid_search,45,0,
886,social,18,0,
886,direct,21,0,
887,social,37,0,
887,social,37,0,
888,display,39,0,
888,organic_search,40,0,
888,referral,40,0,
888,paid_search,42,0,
889,email,6,1,16
889,referral,7,1,16
889,organic_search,8,1,16
889,social,9,1,16
889,direct,11,1,16
889,display,14,1,16
890,direct,37,0,
890,paid_search,37,0,
891,paid_search,31,1,32
891,referral,32,1,32
891,paid_search,32,1,32
892,paid_search,16,0,
892,referral,16,0,
892,organic_search,18,0,
893,referral,51,0,
894,referral,20,0,
895,social,43,1,57
895,referral,46,1,57
895,direct,49,1,57
895,direct,52,1,57
895,paid_search,52,1,57
895,referral,55,1,57
896,organic_search,24,1,34
896,email,25,1,34
896,paid_search,26,1,34
896,paid_search,28,1,34
896,display,29,1,34
896,social,32,1,34
897,direct,14,1,17
897,display,14,1,17
897,email,14,1,17
897,display,16,1,17
898,social,47,0,
898,paid_search,50,0,
899,email,67,0,
899,social,67,0,
900,email,19,1,26
900,referral,20,1,26
900,social,21,1,26
900,social,22,1,26
900,paid_search,24,1,26
900,direct,26,1,26
901,organic_search,69,0,
901,direct,71,0,
901,referral,73,0,
902,direct,37,0,
902,social,40,0,
902,organic_search,43,0,
902,social,44,0,
903,social,64,0,
903,display,67,0,
903,paid_search,69,0,
904,organic_search,48,0,
904,email,48,0,
905,direct,54,0,
906,organic_search,55,0,
906,organic_search,58,0,
907,display,13,0,
907,referral,15,0,
907,direct,15,0,
907,organic_search,15,0,
908,paid_search,11,1,14
908,organic_search,13,1,14
909,referral,46,1,49
909,email,46,1,49
909,referral,49,1,49
909,organic_search,49,1,49
910,referral,41,0,
910,organic_search,44,0,
911,referral,32,0,
911,social,33,0,
912,email,72,0,
913,social,17,1,20
913,display,19,1,20
913,referral,20,1,20
913,paid_search,20,1,20
914,paid_search,33,1,38
914,email,34,1,38
914,paid_search,36,1,38
915,organic_search,11,0,
915,direct,11,0,
916,referral,46,1,54
916,organic_search,49,1,54
916,paid_search,49,1,54
916,email,51,1,54
916,display,52,1,54
917,organic_search,71,0,
917,display,74,0,
918,email,56,1,62
918,organic_search,58,1,62
918,referral,59,1,62
918,organic_search,61,1,62
919,referral,67,0,
919,direct,70,0,
920,email,61,1,62
920,paid_search,61,1,62
920,referral,61,1,62
921,referral,18,0,
921,direct,19,0,
922,organic_search,58,1,66
922,display,59,1,66
922,direct,59,1,66
922,organic_search,61,1,66
922,direct,63,1,66
922,paid_search,64,1,66
923,social,20,0,
923,email,22,0,
924,direct,72,1,76
924,paid_search,75,1,76
924,direct,76,1,76
925,paid_search,60,1,64
925,organic_search,60,1,64
925,paid_search,63,1,64
926,organic_search,56,1,58
926,direct,57,1,58
926,email,58,1,58
927,organic_search,13,1,14
927,paid_search,13,1,14
928,display,35,0,
928,paid_search,37,0,
929,email,34,0,
930,organic_search,38,1,46
930,email,41,1,46
930,organic_search,41,1,46
930,paid_search,44,1,46
930,email,44,1,46
931,referral,27,1,32
931,paid_search,30,1,32
931,social,30,1,32
931,direct,32,1,32
931,direct,32,1,32
932,paid_search,36,0,
932,social,39,0,
933,email,59,1,62
933,direct,60,1,62
933,email,62,1,62
934,email,46,0,
934,referral,47,0,
935,email,29,1,33
935,referral,29,1,33
935,email,29,1,33
935,organic_search,31,1,33
935,direct,31,1,33
935,direct,32,1,33
936,referral,31,1,36
936,direct,34,1,36
936,organic_search,35,1,36
936,organic_search,36,1,36
937,organic_search,64,0,
938,direct,5,1,8
938,organic_search,7,1,8
938,paid_search,7,1,8
938,referral,8,1,8
939,paid_search,16,0,
940,organic_search,71,1,76
940,referral,72,1,76
940,paid_search,73,1,76
940,social,75,1,76
940,direct,75,1,76
941,display,46,0,
941,paid_search,48,0,
942,organic_search,20,1,26
942,paid_search,23,1,26
942,referral,25,1,26
943,organic_search,3,0,
943,display,4,0,
943,paid_search,4,0,
943,paid_search,4,0,
944,direct,58,0,
944,display,60,0,
945,email,42,0,
945,referral,45,0,
946,paid_search,57,0,
946,direct,60,0,
947,email,19,1,21
947,direct,19,1,21
947,social,19,1,21
947,email,20,1,21
948,social,54,1,56
949,direct,46,1,49
949,email,46,1,49
949,organic_search,49,1,49
950,email,72,1,76
950,email,73,1,76
950,paid_search,73,1,76
950,referral,76,1,76
950,email,76,1,76
951,email,39,0,
952,paid_search,39,1,44
952,email,42,1,44
952,paid_search,43,1,44
953,paid_search,48,0,
954,display,66,0,
954,referral,69,0,
954,direct,71,0,
955,social,48,0,
955,paid_search,49,0,
956,organic_search,24,0,
956,referral,24,0,
957,direct,43,1,46
957,paid_search,46,1,46
957,direct,46,1,46
958,email,30,1,32
958,social,31,1,32
958,paid_search,31,1,32
958,paid_search,32,1,32
959,display,59,0,
959,paid_search,60,0,
959,referral,61,0,
960,referral,64,0,
960,direct,65,0,
961,email,33,0,
962,display,69,0,
962,email,72,0,
963,email,3,0,
963,email,6,0,
964,social,74,0,
964,social,76,0,
965,email,6,0,
965,paid_search,8,0,
966,referral,51,0,
966,direct,54,0,
966,social,57,0,
967,display,24,1,27
967,referral,26,1,27
967,organic_search,26,1,27
968,email,26,0,
968,social,26,0,
969,direct,69,1,72
969,referral,70,1,72
969,paid_search,72,1,72
970,organic_search,57,0,
971,direct,9,0,
971,display,12,0,
972,email,72,1,73
973,referral,57,1,63
973,email,59,1,63
973,organic_search,61,1,63
973,direct,62,1,63
973,paid_search,63,1,63
974,direct,50,1,56
974,direct,52,1,56
974,referral,52,1,56
974,email,53,1,56
974,paid_search,55,1,56
974,social,55,1,56
975,social,74,1,81
975,social,76,1,81
975,paid_search,76,1,81
975,organic_search,77,1,81
975,social,79,1,81
975,paid_search,79,1,81
976,social,69,0,
977,paid_search,41,1,45
977,email,43,1,45
977,display,44,1,45
978,email,10,0,
978,paid_search,13,0,
979,paid_search,27,0,
980,direct,51,1,60
980,social,54,1,60
980,organic_search,57,1,60
980,display,59,1,60
981,organic_search,24,0,
982,paid_search,14,1,22
982,direct,16,1,22
982,social,19,1,22
982,display,21,1,22
982,organic_search,21,1,22
983,direct,66,1,72
983,social,67,1,72
983,email,69,1,72
983,display,70,1,72
984,display,71,1,78
984,organic_search,73,1,78
984,referral,75,1,78
984,referral,77,1,78
984,email,78,1,78
985,direct,12,1,14
985,direct,13,1,14
986,display,56,1,62
986,referral,58,1,62
986,direct,61,1,62
987,email,21,0,
987,email,22,0,
988,referral,48,1,57
988,referral,50,1,57
988,direct,53,1,57
988,direct,55,1,57
989,email,49,1,55
989,email,50,1,55
989,social,50,1,55
989,social,53,1,55
990,paid_search,46,1,49
990,email,48,1,49
991,referral,48,1,51
991,organic_search,49,1,51
991,direct,50,1,51
992,referral,66,1,74
992,display,68,1,74
992,direct,71,1,74
992,organic_search,72,1,74
993,paid_search,16,1,20
993,paid_search,18,1,20
993,paid_search,18,1,20
994,referral,68,0,
994,referral,71,0,
994,social,74,0,
995,direct,67,1,72
995,email,69,1,72
995,direct,71,1,72
995,referral,72,1,72
996,paid_search,3,0,
996,paid_search,6,0,
996,referral,8,0,
997,paid_search,20,0,
997,email,20,0,
998,email,62,1,70
998,paid_search,62,1,70
998,email,64,1,70
998,organic_search,66,1,70
998,direct,68,1,70
998,paid_search,70,1,70
999,email,40,0,
1000,direct,22,0,
1000,display,22,0,
1000,paid_search,22,0,
1000,organic_search,22,0,
1001,social,74,0,
1001,organic_search,76,0,
1002,social,41,0,
1002,paid_search,41,0,
1003,email,30,0,
1004,organic_search,30,0,
1005,referral,6,1,12
1005,social,9,1,12
1005,referral,9,1,12
1005,organic_search,11,1,12
1006,email,43,1,48
1006,direct,43,1,48
1006,paid_search,44,1,48
1006,referral,47,1,48
1007,display,62,0,
1007,referral,65,0,
1008,email,75,0,
1008,email,77,0,
1009,organic_search,65,1,69
1009,social,66,1,69
1009,organic_search,69,1,69
1010,paid_search,64,0,
1010,organic_search,65,0,
1011,social,4,1,8
1011,direct,4,1,8
1011,email,6,1,8
1012,social,48,0,
1012,display,51,0,
1012,display,51,0,
1012,social,53,0,
1013,organic_search,3,1,14
1013,organic_search,6,1,14
1013,email,9,1,14
1013,organic_search,12,1,14
1013,email,13,1,14
1014,display,2,0,
1014,paid_search,3,0,
1015,social,18,0,
1016,direct,56,0,
1017,referral,56,1,61
1017,email,58,1,61
1017,referral,58,1,61
1017,email,61,1,61
1018,direct,57,1,61
1018,paid_search,57,1,61
1018,email,58,1,61
1018,email,59,1,61
1018,referral,59,1,61
1019,email,50,1,53
1019,paid_search,50,1,53
1019,email,52,1,53
1019,referral,52,1,53
1020,direct,27,0,
1021,social,34,1,36
1021,display,35,1,36
1022,social,76,0,
1022,paid_search,78,0,
1023,email,50,0,
1023,referral,51,0,
1024,display,33,0,
1025,paid_search,27,0,
1025,direct,30,0,
1026,paid_search,49,1,54
1026,email,49,1,54
1026,email,52,1,54
1027,paid_search,44,1,49
1027,display,47,1,49
1027,organic_search,49,1,49
1028,email,19,1,21
1028,display,19,1,21
1029,organic_search,5,0,
1029,organic_search,8,0,
1030,email,50,0,
1030,referral,53,0,
1031,direct,30,0,
1031,organic_search,32,0,
1031,display,34,0,
1032,direct,62,1,69
1032,referral,62,1,69
1032,email,64,1,69
1032,email,66,1,69
1032,direct,67,1,69
1032,email,69,1,69
1033,referral,35,1,40
1033,direct,35,1,40
1033,referral,38,1,40
1033,paid_search,40,1,40
1033,email,40,1,40
1034,social,30,1,37
1034,direct,32,1,37
1034,paid_search,35,1,37
1035,social,54,1,60
1035,email,56,1,60
1035,referral,56,1,60
1035,paid_search,58,1,60
1036,direct,11,1,19
1036,paid_search,14,1,19
1036,email,17,1,19
1036,social,17,1,19
1036,organic_search,17,1,19
1037,display,50,0,
1037,paid_search,52,0,
1037,display,55,0,
1038,email,11,0,
1038,email,14,0,
1038,paid_search,15,0,
1039,social,13,0,
1040,organic_search,56,0,
1040,paid_search,59,0,
1041,social,66,0,
1041,paid_search,66,0,
1041,social,69,0,
1042,direct,71,0,
1042,organic_search,72,0,
1043,social,9,0,
1043,display,11,0,
1044,email,29,0,
1044,direct,29,0,
1044,email,30,0,
1045,organic_search,23,0,
1046,organic_search,41,1,45
1046,paid_search,41,1,45
1046,paid_search,43,1,45
1047,referral,68,0,
1047,paid_search,68,0,
1047,display,69,0,
1048,referral,57,0,
1048,organic_search,57,0,
1048,paid_search,57,0,
1048,referral,58,0,
1049,direct,72,0,
1049,referral,74,0,
1050,direct,4,0,
1051,social,42,1,42
1051,direct,42,1,42
1052,paid_search,33,1,34
1052,paid_search,34,1,34
1052,organic_search,34,1,34
1052,paid_search,34,1,34
1053,social,75,1,82
1053,organic_search,77,1,82
1053,referral,80,1,82
1053,email,81,1,82
1053,social,82,1,82
1054,direct,43,0,
1055,referral,44,0,
1055,paid_search,46,0,
1056,organic_search,31,1,35
1056,direct,33,1,35
1056,paid_search,34,1,35
1057,email,15,0,
1057,organic_search,17,0,
1058,direct,25,0,
1059,paid_search,57,1,59
1059,paid_search,58,1,59
1059,paid_search,59,1,59
1060,direct,19,1,26
1060,referral,22,1,26
1060,paid_search,24,1,26
1060,display,24,1,26
1060,display,25,1,26
1061,organic_search,40,0,
1061,social,40,0,
1061,direct,42,0,
1062,paid_search,50,0,
1062,display,52,0,
1062,email,53,0,
1062,paid_search,55,0,
1063,organic_search,68,0,
1064,organic_search,16,1,21
1064,social,19,1,21
1064,email,20,1,21
1065,social,34,0,
1065,direct,36,0,
1065,direct,38,0,
1066,referral,29,0,
1066,organic_search,32,0,
1066,paid_search,32,0,
1066,paid_search,32,0,
1067,paid_search,71,1,78
1067,referral,74,1,78
1067,social,76,1,78
1067,display,78,1,78
1068,organic_search,39,1,44
1068,email,40,1,44
1068,referral,41,1,44
1068,direct,44,1,44
1069,email,45,0,
1069,display,45,0,
1069,referral,48,0,
1070,social,40,1,41
1070,paid_search,40,1,41
1070,social,40,1,41
1071,referral,9,1,12
1071,referral,11,1,12
1072,social,58,1,58
1073,email,26,1,38
1073,paid_search,29,1,38
1073,organic_search,30,1,38
1073,social,33,1,38
1073,display,34,1,38
1073,email,37,1,38
1074,paid_search,42,0,
1075,organic_search,2,1,2
1075,display,2,1,2
1075,direct,2,1,2
1076,direct,22,1,28
1076,organic_search,22,1,28
1076,social,22,1,28
1076,organic_search,25,1,28
1076,paid_search,28,1,28
1077,display,68,1,73
1077,paid_search,71,1,73
1077,social,71,1,73
1077,direct,71,1,73
1077,direct,73,1,73
1077,paid_search,73,1,73
1078,paid_search,22,1,25
1078,email,25,1,25
1078,social,25,1,25
1078,direct,25,1,25
1079,direct,36,0,
1079,referral,39,0,
1080,display,51,1,56
1080,social,52,1,56
1080,direct,54,1,56
1080,direct,54,1,56
1080,email,56,1,56
1081,paid_search,75,1,78
1081,direct,76,1,78
1081,referral,76,1,78
1081,display,78,1,78
1082,organic_search,32,1,39
1082,referral,34,1,39
1082,direct,36,1,39
1082,referral,37,1,39
1083,paid_search,10,1,14
1083,direct,13,1,14
1084,display,66,1,71
1084,email,69,1,71
1084,paid_search,71,1,71
1085,social,44,1,54
1085,paid_search,46,1,54
1085,social,49,1,54
1085,display,51,1,54
1085,organic_search,53,1,54
1086,display,31,0,
1086,organic_search,34,0,
1087,referral,36,0,
1088,email,12,1,16
1088,social,12,1,16
1088,display,15,1,16
1088,direct,16,1,16
1089,display,36,1,44
1089,email,38,1,44
1089,organic_search,41,1,44
1089,direct,43,1,44
1090,direct,21,0,
1090,direct,23,0,
1090,direct,26,0,
1091,paid_search,42,1,46
1091,referral,44,1,46
1091,display,45,1,46
1092,social,30,0,
1093,email,32,1,33
1093,referral,33,1,33
1094,email,46,0,
1095,email,41,0,
1095,email,41,0,
1096,referral,1,1,2
1096,social,2,1,2
1096,organic_search,2,1,2
1097,referral,42,0,
1097,organic_search,43,0,
1097,direct,44,0,
1097,social,44,0,
1098,organic_search,68,0,
1098,email,69,0,
1099,social,13,0,
1099,referral,13,0,
1100,paid_search,1,1,9
1100,email,3,1,9
1100,email,5,1,9
1100,referral,7,1,9
1101,display,2,1,7
1101,organic_search,4,1,7
1101,direct,7,1,7
1102,social,68,1,75
1102,paid_search,71,1,75
1102,paid_search,72,1,75
1102,email,73,1,75
1103,organic_search,72,0,
1103,paid_search,74,0,
1104,display,22,1,22
1104,paid_search,22,1,22
1105,social,25,1,35
1105,organic_search,26,1,35
1105,organic_search,29,1,35
1105,referral,29,1,35
1105,organic_search,32,1,35
1105,email,35,1,35
1106,direct,36,1,44
1106,email,39,1,44
1106,referral,39,1,44
1106,email,42,1,44
1106,social,42,1,44
1106,display,42,1,44
1107,organic_search,4,1,11
1107,organic_search,6,1,11
1107,social,9,1,11
1107,email,9,1,11
1107,display,9,1,11
1108,paid_search,28,1,32
1108,email,28,1,32
1108,display,30,1,32
1108,email,31,1,32
1108,organic_search,31,1,32
1109,display,52,1,61
1109,email,55,1,61
1109,organic_search,56,1,61
1109,direct,58,1,61
1109,referral,58,1,61
1109,paid_search,59,1,61
1110,paid_search,35,1,46
1110,display,36,1,46
1110,social,38,1,46
1110,organic_search,39,1,46
1110,referral,41,1,46
1110,social,44,1,46
1111,paid_search,36,0,
1112,organic_search,70,0,
1112,display,71,0,
1112,referral,73,0,
1113,referral,4,0,
1113,organic_search,5,0,
1113,direct,5,0,
1114,paid_search,66,1,70
1114,email,66,1,70
1114,email,68,1,70
1115,display,17,0,
1115,paid_search,17,0,
1115,organic_search,20,0,
1116,display,6,0,
1117,organic_search,60,1,61
1117,social,60,1,61
1117,referral,60,1,61
1117,social,60,1,61
1117,organic_search,61,1,61
1118,direct,7,0,
1118,paid_search,9,0,
1118,social,9,0,
1119,direct,13,0,
1119,organic_search,14,0,
1119,email,15,0,
1120,organic_search,41,1,49
1120,email,44,1,49
1120,email,47,1,49
1121,social,75,0,
1122,direct,68,1,77
1122,direct,68,1,77
1122,social,70,1,77
1122,social,72,1,77
1122,referral,75,1,77
1122,direct,77,1,77
1123,paid_search,14,0,
1123,organic_search,16,0,
1124,email,60,0,
1125,organic_search,58,0,
1125,email,61,0,
1126,email,14,1,17
1126,organic_search,16,1,17
1126,direct,16,1,17
1127,email,75,1,77
1127,direct,75,1,77
1127,referral,75,1,77
1127,display,76,1,77
1127,organic_search,77,1,77
1128,organic_search,72,0,
1129,referral,54,0,
1130,paid_search,39,0,
1131,paid_search,48,0,
1131,direct,51,0,
1131,referral,53,0,
1132,social,72,0,
1132,direct,75,0,
1133,direct,57,1,67
1133,direct,60,1,67
1133,direct,62,1,67
1133,email,65,1,67
1134,social,39,1,47
1134,paid_search,40,1,47
1134,organic_search,41,1,47
1134,direct,44,1,47
1134,direct,46,1,47
1135,display,2,1,6
1135,referral,4,1,6
1135,direct,4,1,6
1135,direct,6,1,6
1136,paid_search,53,0,
1136,referral,53,0,
1137,organic_search,45,0,
1137,organic_search,46,0,
1138,email,74,0,
1138,referral,75,0,
1139,social,3,0,
1139,email,6,0,
1139,paid_search,7,0,
1140,paid_search,4,0,
1140,referral,6,0,
1141,email,13,1,21
1141,organic_search,16,1,21
1141,referral,16,1,21
1141,email,19,1,21
1142,direct,32,1,37
1142,direct,34,1,37
1142,email,34,1,37
1142,organic_search,36,1,37
1143,organic_search,67,1,70
1143,referral,69,1,70
1143,direct,70,1,70
1144,direct,64,0,
1144,social,64,0,
1145,direct,40,1,42
1145,paid_search,41,1,42
1146,organic_search,76,1,81
1146,paid_search,78,1,81
1146,email,81,1,81
1146,referral,81,1,81
1146,direct,81,1,81
1146,email,81,1,81
1147,organic_search,28,1,30
1148,email,33,1,40
1148,email,33,1,40
1148,organic_search,36,1,40
1148,organic_search,37,1,40
1148,referral,39,1,40
1149,referral,1,0,
1149,email,3,0,
1150,referral,71,0,
1150,paid_search,73,0,
1151,social,72,0,
1151,social,74,0,
1152,direct,67,1,73
1152,social,68,1,73
1152,display,69,1,73
1152,email,72,1,73
1153,referral,4,1,9
1153,organic_search,4,1,9
1153,email,5,1,9
1153,paid_search,6,1,9
1153,social,9,1,9
1154,social,22,0,
1154,email,24,0,
1155,paid_search,13,0,
1155,email,13,0,
1156,email,40,1,49
1156,direct,43,1,49
1156,organic_search,46,1,49
1156,social,46,1,49
1156,social,48,1,49
1157,display,70,0,
1157,display,72,0,
1158,direct,76,0,
1158,email,78,0,
1159,email,76,0,
1160,organic_search,22,1,27
1160,referral,25,1,27
1160,paid_search,27,1,27
1161,social,71,0,
1161,referral,73,0,
1162,direct,3,1,7
1162,direct,3,1,7
1162,email,5,1,7
1162,organic_search,6,1,7
1162,organic_search,7,1,7
1163,email,77,0,
1163,social,78,0,
1164,direct,66,0,
1164,social,66,0,
1165,organic_search,73,0,
1165,direct,73,0,
1165,email,73,0,
1166,referral,32,0,
1166,direct,33,0,
1167,paid_search,63,0,
1168,organic_search,11,1,16
1168,direct,12,1,16
1168,direct,14,1,16
1169,display,73,1,76
1169,paid_search,74,1,76
1169,direct,74,1,76
1170,paid_search,27,1,29
1170,paid_search,28,1,29
1170,paid_search,29,1,29
1170,social,29,1,29
1170,referral,29,1,29
1171,referral,54,0,
1171,referral,54,0,
1172,referral,3,0,
1172,direct,6,0,
1173,organic_search,52,1,58
1173,social,54,1,58
1173,email,55,1,58
1173,direct,55,1,58
1173,referral,58,1,58
1174,direct,66,0,
1174,social,68,0,
1175,email,37,0,
1175,paid_search,37,0,
1176,organic_search,6,1,15
1176,referral,9,1,15
1176,email,12,1,15
1176,paid_search,13,1,15
1176,social,15,1,15
1177,social,24,0,
1178,email,56,0,
1178,paid_search,59,0,
1179,direct,49,1,53
1179,direct,50,1,53
1179,paid_search,51,1,53
1180,direct,15,0,
1180,organic_search,18,0,
1180,social,21,0,
1181,direct,3,0,
1182,email,67,1,72
1182,email,70,1,72
1182,organic_search,70,1,72
1182,paid_search,72,1,72
1183,referral,17,0,
1183,social,17,0,
1183,referral,18,0,
1184,social,14,1,19
1184,email,17,1,19
1184,display,19,1,19
1185,direct,56,0,
1186,referral,41,0,
1186,display,44,0,
1187,paid_search,10,0,
1188,email,71,0,
1188,paid_search,74,0,
1189,social,23,0,
1189,email,24,0,
1190,email,15,1,19
1190,referral,17,1,19
1190,social,18,1,19
1191,organic_search,20,1,23
1191,paid_search,21,1,23
1191,direct,22,1,23
1192,display,32,0,
1192,email,33,0,
1192,display,34,0,
1193,referral,7,0,
1193,referral,10,0,
1193,email,12,0,
1194,direct,15,1,24
1194,organic_search,18,1,24
1194,referral,21,1,24
1194,display,24,1,24
1195,organic_search,39,1,44
1195,referral,39,1,44
1195,direct,42,1,44
1196,direct,18,0,
1197,email,12,1,16
1197,referral,14,1,16
1197,direct,14,1,16
1197,email,14,1,16
1197,paid_search,14,1,16
1197,direct,15,1,16
1198,referral,22,1,22
1198,direct,22,1,22
1198,referral,22,1,22
1198,organic_search,22,1,22
1199,social,58,0,
1199,display,59,0,
1199,referral,59,0,
1199,direct,61,0,
1199,paid_search,61,0,
1200,direct,38,0,
1200,direct,40,0,
1201,display,51,1,60
1201,direct,53,1,60
1201,display,55,1,60
1201,social,57,1,60
1201,email,59,1,60
1202,social,20,0,
1202,paid_search,20,0,
1203,email,21,1,26
1203,referral,22,1,26
1203,paid_search,25,1,26
1203,referral,25,1,26
1204,direct,61,1,62
1204,referral,61,1,62
1204,referral,62,1,62
1204,direct,62,1,62
1205,email,67,1,68
1205,direct,67,1,68
1205,email,68,1,68
1206,email,60,0,
1206,display,61,0,
1206,email,62,0,
1206,organic_search,62,0,
1207,email,74,0,
1207,direct,76,0,
1208,paid_search,50,1,52
1208,email,50,1,52
1208,email,50,1,52
1209,paid_search,73,0,
1209,referral,76,0,
1210,display,56,1,61
1210,paid_search,59,1,61
1210,direct,59,1,61
1210,referral,61,1,61
1211,organic_search,56,1,64
1211,organic_search,58,1,64
1211,organic_search,58,1,64
1211,direct,61,1,64
1211,email,62,1,64
1212,display,42,1,49
1212,display,44,1,49
1212,referral,46,1,49
1212,referral,48,1,49
1213,organic_search,54,1,64
1213,organic_search,57,1,64
1213,organic_search,60,1,64
1213,organic_search,63,1,64
1214,email,30,1,40
1214,referral,32,1,40
1214,display,34,1,40
1214,referral,37,1,40
1214,social,38,1,40
1215,email,49,0,
1216,email,9,1,14
1216,paid_search,11,1,14
1216,social,14,1,14
1217,display,33,1,37
1217,paid_search,35,1,37
1217,direct,36,1,37
1218,display,76,0,
1218,social,76,0,
1218,email,77,0,
1218,paid_search,77,0,
1219,social,25,1,28
1219,referral,25,1,28
1219,organic_search,28,1,28
1220,paid_search,55,1,63
1220,paid_search,58,1,63
1220,email,60,1,63
1220,display,63,1,63
1221,organic_search,15,1,23
1221,display,17,1,23
1221,paid_search,18,1,23
1221,organic_search,20,1,23
1221,social,23,1,23
1222,paid_search,41,1,45
1222,paid_search,43,1,45
1222,email,45,1,45
1223,organic_search,13,1,15
1223,direct,13,1,15
1223,organic_search,13,1,15
1224,organic_search,29,0,
1224,display,30,0,
1224,social,32,0,
1225,social,73,0,
1226,email,18,0,
1226,organic_search,19,0,
1226,organic_search,22,0,
1227,display,76,0,
1228,direct,34,1,35
1228,social,34,1,35
1228,direct,35,1,35
1229,display,5,0,
1229,referral,7,0,
1229,paid_search,9,0,
1229,email,11,0,
1230,paid_search,60,1,63
1230,organic_search,63,1,63
1231,social,62,1,65
1231,paid_search,62,1,65
1231,referral,64,1,65
1232,paid_search,40,1,41
1232,organic_search,40,1,41
1233,social,26,1,28
1233,paid_search,28,1,28
1234,paid_search,48,1,50
1234,referral,48,1,50
1235,paid_search,28,0,
1236,email,38,0,
1237,direct,53,1,56
1237,direct,55,1,56
1237,paid_search,56,1,56
1237,social,56,1,56
1238,referral,57,0,
1238,organic_search,60,0,
1239,display,41,1,47
1239,display,41,1,47
1239,paid_search,43,1,47
1239,email,45,1,47
1240,referral,55,1,66
1240,referral,57,1,66
1240,social,60,1,66
1240,referral,63,1,66
1240,paid_search,66,1,66
1241,organic_search,13,0,
1242,display,62,0,
1243,direct,11,1,13
1243,email,13,1,13
1244,referral,44,1,49
1244,display,44,1,49
1244,email,44,1,49
1244,referral,45,1,49
1244,organic_search,48,1,49
1244,email,49,1,49
1245,organic_search,38,0,
1245,email,38,0,
1246,direct,50,1,58
1246,social,53,1,58
1246,referral,55,1,58
1246,email,57,1,58
1247,social,45,0,
1248,organic_search,14,0,
1249,referral,60,0,
1250,direct,70,1,74
1250,direct,72,1,74
1250,direct,73,1,74
1250,direct,74,1,74
1251,social,58,1,69
1251,display,59,1,69
1251,referral,62,1,69
1251,direct,65,1,69
1251,referral,67,1,69
1252,email,1,1,13
1252,paid_search,3,1,13
1252,social,5,1,13
1252,paid_search,7,1,13
1252,referral,9,1,13
1252,organic_search,11,1,13
1253,email,27,0,
1254,email,54,1,57
1254,referral,54,1,57
1254,social,57,1,57
1255,email,12,1,15
1255,direct,12,1,15
1255,direct,15,1,15
1256,direct,61,0,
1256,email,61,0,
1257,social,6,0,
1258,direct,31,0,
1258,referral,31,0,
1258,paid_search,34,0,
1259,paid_search,24,1,32
1259,referral,25,1,32
1259,direct,28,1,32
1259,paid_search,30,1,32
1260,email,14,1,16
1261,referral,8,1,11
1261,organic_search,8,1,11
1261,paid_search,9,1,11
1261,organic_search,11,1,11
1262,direct,6,0,
1263,organic_search,28,0,
1263,social,28,0,
1264,social,62,0,
1264,email,64,0,
1265,email,74,0,
1265,organic_search,74,0,
1266,referral,66,0,
1266,social,66,0,
1267,direct,21,1,24
1267,social,23,1,24
1267,email,24,1,24
1268,referral,11,1,19
1268,organic_search,14,1,19
1268,paid_search,16,1,19
1268,direct,17,1,19
1268,paid_search,17,1,19
1268,paid_search,17,1,19
1269,paid_search,62,1,65
1269,email,64,1,65
1269,paid_search,64,1,65
1269,email,65,1,65
1270,social,73,1,78
1270,display,75,1,78
1270,paid_search,77,1,78
1271,email,22,0,
1271,social,22,0,
1272,direct,15,0,
1272,direct,17,0,
1273,organic_search,64,1,66
1273,paid_search,64,1,66
1273,direct,64,1,66
1273,referral,65,1,66
1274,referral,26,0,
1274,email,29,0,
1274,organic_search,31,0,
1275,direct,9,0,
1276,social,60,0,
1277,direct,23,1,29
1277,display,25,1,29
1277,organic_search,28,1,29
1277,email,29,1,29
1278,email,61,1,65
1278,display,63,1,65
1278,email,63,1,65
1278,display,63,1,65
1279,display,14,1,27
1279,social,16,1,27
1279,referral,18,1,27
1279,organic_search,19,1,27
1279,direct,22,1,27
1279,email,25,1,27
1280,paid_search,5,1,9
1280,paid_search,6,1,9
1280,direct,7,1,9
1280,social,7,1,9
1281,email,45,1,46
1281,social,46,1,46
1282,email,54,0,
1283,social,36,0,
1284,email,35,0,
1284,direct,37,0,
1285,display,59,1,70
1285,paid_search,62,1,70
1285,referral,65,1,70
1285,direct,68,1,70
1285,email,68,1,70
1286,email,21,1,24
1286,display,21,1,24
1286,organic_search,22,1,24
1287,referral,52,1,54
1287,referral,52,1,54
1287,display,54,1,54
1288,paid_search,44,1,48
1288,organic_search,47,1,48
1288,paid_search,47,1,48
1289,social,65,1,70
1289,email,67,1,70
1289,paid_search,70,1,70
1290,social,63,1,67
1290,email,64,1,67
1290,organic_search,67,1,67
1291,referral,39,0,
1291,organic_search,41,0,
1291,email,42,0,
1291,social,45,0,
1292,email,57,1,60
1292,social,58,1,60
1293,direct,77,1,80
1293,email,77,1,80
1293,direct,80,1,80
1294,organic_search,66,1,70
1294,organic_search,68,1,70
1294,display,68,1,70
1294,referral,68,1,70
1294,social,68,1,70
1294,paid_search,70,1,70
1295,organic_search,40,0,
1295,social,40,0,
1295,direct,42,0,
1296,referral,18,0,
1297,paid_search,18,0,
1297,social,19,0,
1298,direct,56,1,61
1298,email,56,1,61
1298,organic_search,56,1,61
1298,social,56,1,61
1298,direct,57,1,61
1298,display,60,1,61
1299,paid_search,73,1,75
1299,paid_search,75,1,75
1300,paid_search,31,1,38
1300,direct,34,1,38
1300,email,37,1,38
1301,social,60,0,
1302,referral,7,1,17
1302,referral,10,1,17
1302,email,11,1,17
1302,display,14,1,17
1302,email,14,1,17
1302,email,15,1,17
1303,email,37,0,
1304,paid_search,20,0,
1304,email,23,0,
1304,social,23,0,
1305,social,3,1,7
1305,referral,3,1,7
1305,direct,6,1,7
1306,referral,8,0,
1307,paid_search,4,1,11
1307,direct,7,1,11
1307,social,8,1,11
1307,display,9,1,11
1307,referral,9,1,11
1307,direct,9,1,11
1308,referral,70,1,75
1308,email,73,1,75
1309,display,27,0,
1309,referral,29,0,
1310,paid_search,76,1,79
1310,social,77,1,79
1310,email,78,1,79
1311,organic_search,15,0,
1311,social,17,0,
1311,referral,19,0,
1312,direct,29,0,
1312,social,31,0,
1313,display,32,0,
1314,email,66,0,
1314,direct,69,0,
1314,direct,70,0,
1314,referral,70,0,
1315,paid_search,55,0,
1315,direct,55,0,
1315,organic_search,55,0,
1316,email,20,1,25
1316,organic_search,20,1,25
1316,paid_search,21,1,25
1316,direct,21,1,25
1316,social,23,1,25
1317,display,30,1,35
1317,paid_search,30,1,35
1317,social,33,1,35
1317,direct,33,1,35
1317,display,35,1,35
1318,email,8,0,
1318,paid_search,11,0,
1319,social,38,1,43
1319,organic_search,40,1,43
1319,email,40,1,43
1319,email,41,1,43
1319,paid_search,41,1,43
1320,paid_search,75,1,75
1320,referral,75,1,75
1321,email,74,1,77
1321,email,77,1,77
1321,paid_search,77,1,77
1322,social,47,0,
1323,social,49,1,52
1323,email,51,1,52
1323,organic_search,51,1,52
1323,paid_search,51,1,52
1324,email,15,0,
1324,referral,16,0,
1324,display,18,0,
1325,social,3,0,
1325,display,5,0,
1325,organic_search,8,0,
1326,paid_search,76,0,
1326,email,77,0,
1326,display,79,0,
1327,display,39,0,
1327,referral,42,0,
1328,display,74,1,80
1328,direct,76,1,80
1328,organic_search,78,1,80
1328,direct,78,1,80
1328,social,78,1,80
1329,email,36,0,
1329,email,39,0,
1330,organic_search,28,1,32
1330,paid_search,29,1,32
1330,direct,31,1,32
1330,email,31,1,32
1330,referral,31,1,32
1331,referral,45,1,52
1331,display,47,1,52
1331,display,48,1,52
1331,email,50,1,52
1331,referral,51,1,52
1332,display,31,0,
1333,direct,3,0,
1333,direct,6,0,
1334,email,43,1,51
1334,paid_search,46,1,51
1334,paid_search,47,1,51
1334,organic_search,49,1,51
1335,email,59,0,
1336,organic_search,55,1,58
1336,email,57,1,58
1336,referral,57,1,58
1337,organic_search,22,1,28
1337,email,22,1,28
1337,display,25,1,28
1337,organic_search,26,1,28
1338,organic_search,53,0,
1338,social,53,0,
1338,organic_search,56,0,
1339,paid_search,9,0,
1339,organic_search,9,0,
1339,email,9,0,
1340,organic_search,26,1,36
1340,paid_search,27,1,36
1340,organic_search,30,1,36
1340,organic_search,33,1,36
1340,email,35,1,36
1341,paid_search,53,0,
1342,email,9,1,22
1342,social,12,1,22
1342,referral,15,1,22
1342,social,18,1,22
1342,direct,18,1,22
1342,referral,20,1,22
1343,direct,51,0,
1343,social,54,0,
1343,direct,54,0,
1344,paid_search,70,0,
1345,organic_search,6,1,11
1345,display,8,1,11
1345,display,8,1,11
1345,email,8,1,11
1345,email,9,1,11
1345,organic_search,11,1,11
1346,social,5,0,
1346,referral,6,0,
1346,organic_search,8,0,
1347,organic_search,73,0,
1347,direct,73,0,
1348,paid_search,64,0,
1349,referral,2,0,
1349,organic_search,3,0,
1349,display,5,0,
1350,social,9,1,10
1350,direct,10,1,10
1350,referral,10,1,10
1351,email,75,1,82
1351,email,77,1,82
1351,organic_search,78,1,82
1351,display,80,1,82
1351,email,82,1,82
1351,direct,82,1,82
1352,paid_search,47,0,
1353,email,2,0,
1353,display,4,0,
1353,paid_search,6,0,
1354,email,5,1,6
1354,referral,5,1,6
1354,paid_search,5,1,6
1355,referral,31,0,
1355,paid_search,31,0,
1355,paid_search,33,0,
1356,referral,46,0,
1357,referral,42,0,
1357,direct,42,0,
1358,paid_search,27,1,32
1358,paid_search,29,1,32
1358,direct,30,1,32
1358,email,32,1,32
1359,referral,15,1,17
1359,email,17,1,17
1360,organic_search,54,0,
1360,email,57,0,
1361,direct,16,1,23
1361,display,19,1,23
1361,organic_search,21,1,23
1361,paid_search,21,1,23
1361,paid_search,22,1,23
1361,paid_search,22,1,23
1362,direct,58,0,
1363,organic_search,13,1,21
1363,social,14,1,21
1363,display,17,1,21
1363,referral,19,1,21
1364,paid_search,27,0,
1364,email,29,0,
1365,referral,61,1,63
1365,direct,61,1,63
1366,social,65,0,
1366,organic_search,67,0,
1366,email,67,0,
1367,display,64,0,
1368,paid_search,67,0,
1368,social,70,0,
1369,referral,45,0,
1369,paid_search,48,0,
1369,direct,50,0,
1369,direct,51,0,
1370,direct,72,0,
1370,email,75,0,
1371,display,14,0,
1372,paid_search,43,1,46
1372,direct,46,1,46
1373,direct,38,0,
1374,organic_search,5,0,
1375,social,70,0,
1376,organic_search,5,0,
1376,paid_search,7,0,
1377,organic_search,9,0,
1377,referral,9,0,
1378,referral,34,1,40
1378,social,34,1,40
1378,referral,37,1,40
1378,paid_search,39,1,40
1379,paid_search,49,0,
1380,social,3,0,
1380,email,6,0,
1380,organic_search,9,0,
1380,organic_search,10,0,
1380,direct,12,0,
1380,organic_search,12,0,
1381,paid_search,30,1,31
1382,display,27,0,
1382,email,28,0,
1383,referral,29,1,35
1383,display,32,1,35
1383,direct,33,1,35
1384,social,72,1,83
1384,paid_search,75,1,83
1384,social,77,1,83
1384,referral,77,1,83
1384,paid_search,79,1,83
1384,organic_search,81,1,83
1385,email,71,1,76
1385,email,74,1,76
1385,display,75,1,76
1385,display,76,1,76
1386,email,8,1,13
1386,referral,8,1,13
1386,paid_search,8,1,13
1386,display,11,1,13
1387,display,59,0,
1387,organic_search,59,0,
1388,social,40,0,
1388,direct,40,0,
1389,paid_search,22,0,
1390,organic_search,61,1,62
1390,paid_search,61,1,62
1390,paid_search,62,1,62
1391,organic_search,52,1,57
1391,display,55,1,57
1391,paid_search,55,1,57
1391,referral,56,1,57
1392,paid_search,29,1,35
1392,organic_search,32,1,35
1392,paid_search,35,1,35
1393,direct,59,1,70
1393,email,61,1,70
1393,social,62,1,70
1393,paid_search,65,1,70
1393,email,68,1,70
1394,organic_search,41,1,44
1394,referral,43,1,44
1394,direct,44,1,44
1394,paid_search,44,1,44
1395,email,67,1,73
1395,organic_search,67,1,73
1395,display,69,1,73
1395,email,69,1,73
1395,referral,70,1,73
1395,social,71,1,73
1396,social,22,1,27
1396,paid_search,22,1,27
1396,paid_search,25,1,27
1396,email,27,1,27
1397,email,39,0,
1398,social,6,0,
1399,direct,3,0,
1400,organic_search,5,1,9
1400,social,5,1,9
1400,referral,7,1,9
1401,paid_search,71,0,
1401,display,72,0,
1402,referral,28,1,37
1402,paid_search,31,1,37
1402,direct,31,1,37
1402,email,33,1,37
1402,paid_search,35,1,37
1403,referral,43,1,51
1403,display,44,1,51
1403,organic_search,47,1,51
1403,organic_search,49,1,51
1404,email,2,1,6
1404,referral,4,1,6
1404,direct,5,1,6
1405,organic_search,51,1,55
1405,organic_search,52,1,55
1405,email,53,1,55
1405,paid_search,54,1,55
1405,direct,55,1,55
1406,paid_search,54,0,
1406,direct,56,0,
1406,paid_search,58,0,
1407,display,57,1,57
1407,email,57,1,57
1407,direct,57,1,57
1408,referral,22,0,
1408,direct,24,0,
1409,organic_search,25,1,31
1409,paid_search,27,1,31
1409,organic_search,30,1,31
1409,display,30,1,31
1410,email,28,1,36
1410,display,30,1,36
1410,referral,31,1,36
1410,paid_search,31,1,36
1410,social,32,1,36
1410,email,35,1,36
1411,paid_search,47,1,59
1411,social,49,1,59
1411,organic_search,51,1,59
1411,email,54,1,59
1411,paid_search,56,1,59
1411,direct,58,1,59
1412,direct,41,0,
1413,paid_search,32,0,
1414,direct,77,1,83
1414,referral,79,1,83
1414,social,82,1,83
1415,social,23,0,
1415,social,23,0,
1416,social,55,0,
1416,email,55,0,
1417,paid_search,56,0,
1417,paid_search,57,0,
1418,organic_search,21,1,31
1418,referral,21,1,31
1418,paid_search,23,1,31
1418,paid_search,24,1,31
1418,paid_search,27,1,31
1418,display,29,1,31
1419,organic_search,51,1,56
1419,organic_search,51,1,56
1419,organic_search,54,1,56
1419,paid_search,54,1,56
1420,email,17,1,29
1420,referral,20,1,29
1420,paid_search,22,1,29
1420,direct,24,1,29
1420,direct,27,1,29
1421,paid_search,39,1,40
1421,email,40,1,40
1421,display,40,1,40
1422,direct,25,0,
1422,display,26,0,
1422,paid_search,26,0,
1423,paid_search,64,0,
1423,paid_search,67,0,
1424,direct,29,1,38
1424,referral,30,1,38
1424,paid_search,31,1,38
1424,direct,33,1,38
1424,social,34,1,38
1424,organic_search,37,1,38
1425,organic_search,40,1,49
1425,paid_search,43,1,49
1425,referral,43,1,49
1425,organic_search,45,1,49
1425,referral,47,1,49
1426,direct,49,0,
1426,display,51,0,
1427,paid_search,61,0,
1427,display,62,0,
1427,paid_search,62,0,
1427,display,62,0,
1428,direct,57,0,
1428,paid_search,58,0,
1428,direct,58,0,
1429,display,72,1,80
1429,organic_search,75,1,80
1429,direct,76,1,80
1429,direct,77,1,80
1429,social,78,1,80
1430,paid_search,24,1,29
1430,direct,25,1,29
1430,email,26,1,29
1430,organic_search,27,1,29
1430,paid_search,29,1,29
1431,organic_search,28,1,28
1432,social,75,0,
1433,direct,67,1,72
1433,organic_search,69,1,72
1433,referral,70,1,72
1434,referral,68,0,
1435,direct,52,1,52
1436,display,4,1,5
1436,direct,5,1,5
1437,social,26,0,
1437,referral,27,0,
1438,email,10,1,19
1438,social,12,1,19
1438,paid_search,14,1,19
1438,direct,17,1,19
1439,email,11,1,22
1439,organic_search,14,1,22
1439,organic_search,17,1,22
1439,organic_search,19,1,22
1439,paid_search,21,1,22
1440,direct,21,1,24
1440,organic_search,23,1,24
1440,paid_search,24,1,24
1441,organic_search,76,1,79
1441,organic_search,76,1,79
1441,paid_search,79,1,79
1442,direct,36,0,
1443,referral,10,0,
1443,referral,12,0,
1443,social,14,0,
1444,email,38,1,41
1444,organic_search,38,1,41
1444,social,41,1,41
1445,display,3,0,
1446,paid_search,39,0,
1446,display,40,0,
1446,referral,43,0,
1446,display,46,0,
1447,referral,55,1,60
1447,paid_search,55,1,60
1447,social,56,1,60
1447,referral,58,1,60
1448,organic_search,22,1,28
1448,organic_search,25,1,28
1448,social,27,1,28
1448,organic_search,28,1,28
1449,organic_search,19,0,
1449,paid_search,22,0,
1450,referral,50,0,
1451,display,69,0,
1451,organic_search,69,0,
1451,social,72,0,
1451,social,75,0,
1451,referral,78,0,
1452,organic_search,1,0,
1453,referral,18,0,
1453,organic_search,20,0,
1453,direct,22,0,
1454,paid_search,33,1,34
1454,referral,33,1,34
1455,direct,50,1,61
1455,social,52,1,61
1455,organic_search,55,1,61
1455,organic_search,56,1,61
1455,direct,59,1,61
1455,email,61,1,61
1456,social,44,0,
1456,paid_search,45,0,
1456,referral,47,0,
1456,social,48,0,
1457,email,45,0,
1457,email,47,0,
1458,paid_search,12,1,13
1458,display,12,1,13
1458,paid_search,12,1,13
1459,referral,43,1,56
1459,social,46,1,56
1459,email,47,1,56
1459,social,50,1,56
1459,referral,53,1,56
1459,organic_search,55,1,56
1460,organic_search,17,0,
1461,social,14,1,22
1461,email,17,1,22
1461,paid_search,18,1,22
1461,direct,18,1,22
1461,email,20,1,22
1462,direct,37,1,45
1462,paid_search,40,1,45
1462,social,43,1,45
1462,referral,44,1,45
1463,organic_search,26,0,
1463,email,27,0,
1464,display,45,0,
1464,display,46,0,
1464,display,49,0,
1465,organic_search,56,1,63
1465,paid_search,58,1,63
1465,organic_search,61,1,63
1466,organic_search,7,0,
1466,paid_search,9,0,
1466,organic_search,9,0,
1467,organic_search,58,1,63
1467,email,60,1,63
1467,display,60,1,63
1467,email,63,1,63
1468,display,6,1,13
1468,email,8,1,13
1468,organic_search,8,1,13
1468,display,11,1,13
1469,email,53,0,
1469,paid_search,54,0,
1469,direct,55,0,
1470,email,71,1,76
1470,email,71,1,76
1470,organic_search,71,1,76
1470,referral,72,1,76
1470,display,74,1,76
1471,paid_search,40,0,
1472,email,41,1,48
1472,paid_search,41,1,48
1472,referral,44,1,48
1472,organic_search,44,1,48
1472,social,46,1,48
1472,email,47,1,48
1473,social,11,1,17
1473,paid_search,13,1,17
1473,email,15,1,17
1473,email,16,1,17
1474,direct,77,0,
1474,social,80,0,
1475,email,3,0,
1475,email,5,0,
1476,paid_search,5,0,
1477,referral,21,0,
1477,social,21,0,
1477,referral,24,0,
1477,organic_search,26,0,
1477,social,29,0,
1478,paid_search,49,1,52
1478,organic_search,51,1,52
1478,direct,51,1,52
1479,organic_search,53,1,58
1479,email,53,1,58
1479,referral,56,1,58
1480,social,7,0,
1480,direct,7,0,
1480,direct,8,0,
1481,organic_search,6,0,
1481,paid_search,8,0,
1481,paid_search,9,0,
1482,email,76,0,
1482,social,79,0,
1483,display,25,1,34
1483,display,27,1,34
1483,social,30,1,34
1483,paid_search,33,1,34
1483,email,33,1,34
1484,paid_search,58,1,61
1484,referral,58,1,61
1484,email,59,1,61
1485,paid_search,40,0,
1485,paid_search,41,0,
1486,direct,51,1,62
1486,paid_search,53,1,62
1486,email,54,1,62
1486,social,57,1,62
1486,direct,60,1,62
1486,paid_search,62,1,62
1487,social,53,0,
1488,display,54,0,
1488,email,57,0,
1489,paid_search,19,1,24
1489,referral,21,1,24
1489,direct,21,1,24
1489,email,21,1,24
1489,email,22,1,24
1490,direct,70,0,
1490,referral,70,0,
1491,referral,42,0,
1491,direct,43,0,
1492,organic_search,27,0,
1492,social,29,0,
1492,organic_search,31,0,
1492,social,34,0,
1493,social,40,0,
1493,social,42,0,
1493,display,45,0,
1494,paid_search,5,0,
1494,referral,8,0,
1495,social,32,1,36
1495,email,34,1,36
1495,direct,36,1,36
1496,email,17,0,
1497,organic_search,6,0,
1497,email,6,0,
1497,direct,6,0,
1497,referral,7,0,
1498,social,59,1,67
1498,social,59,1,67
1498,direct,62,1,67
1498,referral,65,1,67
1499,paid_search,16,1,24
1499,social,18,1,24
1499,organic_search,18,1,24
1499,direct,20,1,24
1499,referral,23,1,24
1500,email,42,1,50
1500,display,44,1,50
1500,paid_search,44,1,50
1500,direct,46,1,50
1500,paid_search,48,1,50
1501,display,76,1,80
1501,direct,76,1,80
1501,direct,79,1,80
1502,referral,47,1,55
1502,direct,49,1,55
1502,social,51,1,55
1502,email,53,1,55
1503,email,40,0,
1503,referral,42,0,
1504,display,10,0,
1504,email,13,0,
1505,direct,27,0,
1506,organic_search,74,1,74
1506,paid_search,74,1,74
1507,organic_search,54,0,
1507,referral,55,0,
1508,referral,74,0,
1508,social,74,0,
1508,email,75,0,
1509,display,65,0,
1509,referral,67,0,
1509,direct,69,0,
1509,direct,70,0,
1510,organic_search,2,0,
1510,referral,4,0,
1510,email,4,0,
1511,referral,11,1,15
1511,social,12,1,15
1511,display,12,1,15
1511,organic_search,12,1,15
1511,direct,14,1,15
1512,referral,52,1,55
1512,email,53,1,55
1512,organic_search,54,1,55
1513,paid_search,51,1,53
1513,email,51,1,53
1513,organic_search,51,1,53
1514,direct,12,1,21
1514,email,14,1,21
1514,referral,14,1,21
1514,email,17,1,21
1514,paid_search,18,1,21
1514,direct,20,1,21
1515,social,35,0,
1515,social,37,0,
1516,referral,44,1,53
1516,referral,47,1,53
1516,email,49,1,53
1516,referral,52,1,53
1517,display,19,0,
1517,organic_search,22,0,
1518,email,51,1,59
1518,direct,54,1,59
1518,organic_search,57,1,59
1518,organic_search,59,1,59
1519,organic_search,50,0,
1519,referral,51,0,
1520,social,34,0,
1521,direct,6,0,
1522,email,16,1,23
1522,email,18,1,23
1522,organic_search,19,1,23
1522,direct,21,1,23
1523,organic_search,5,0,
1524,direct,74,1,80
1524,paid_search,75,1,80
1524,organic_search,77,1,80
1524,organic_search,78,1,80
1525,email,61,1,62
1526,organic_search,42,0,
1526,organic_search,43,0,
1526,direct,45,0,
1527,display,31,0,
1527,paid_search,31,0,
1528,social,10,1,15
1528,direct,13,1,15
1528,organic_search,13,1,15
1528,social,15,1,15
1529,email,25,1,30
1529,social,25,1,30
1529,paid_search,28,1,30
1529,organic_search,28,1,30
1530,referral,72,0,
1531,display,22,1,32
1531,organic_search,25,1,32
1531,organic_search,28,1,32
1531,direct,30,1,32
1532,email,35,1,37
1532,social,35,1,37
1532,referral,37,1,37
1532,direct,37,1,37
1533,email,64,1,69
1533,social,65,1,69
1533,organic_search,68,1,69
1534,paid_search,41,0,
1534,display,41,0,
1535,referral,68,1,75
1535,organic_search,70,1,75
1535,email,73,1,75
1536,referral,40,0,
1536,direct,40,0,
1537,organic_search,31,1,40
1537,email,34,1,40
1537,social,37,1,40
1537,paid_search,39,1,40
1537,organic_search,40,1,40
1538,direct,36,1,40
1538,referral,37,1,40
1538,paid_search,40,1,40
1539,email,53,0,
1539,organic_search,53,0,
1540,referral,8,0,
1541,display,73,0,
1541,direct,75,0,
1541,direct,78,0,
1542,paid_search,32,1,37
1542,display,34,1,37
1542,referral,35,1,37
1542,organic_search,36,1,37
1543,direct,45,1,53
1543,organic_search,46,1,53
1543,referral,48,1,53
1543,email,50,1,53
1543,social,53,1,53
1544,direct,72,1,77
1544,display,73,1,77
1544,email,76,1,77
1545,direct,73,1,82
1545,email,76,1,82
1545,organic_search,76,1,82
1545,direct,77,1,82
1545,social,79,1,82
1545,direct,82,1,82
1546,email,73,0,
1546,organic_search,76,0,
1546,organic_search,79,0,
1547,paid_search,75,1,79
1547,direct,77,1,79
1547,email,78,1,79
1548,social,61,1,68
1548,email,62,1,68
1548,email,63,1,68
1548,organic_search,64,1,68
1548,email,66,1,68
1549,paid_search,21,0,
1550,direct,55,0,
1551,referral,21,1,25
1551,organic_search,23,1,25
1551,direct,23,1,25
1552,direct,2,1,9
1552,referral,4,1,9
1552,direct,4,1,9
1552,direct,7,1,9
1553,social,46,0,
1553,direct,48,0,
1553,direct,50,0,
1553,display,53,0,
1554,email,24,0,
1554,paid_search,25,0,
1554,display,27,0,
1555,referral,34,0,
1555,referral,34,0,
1555,paid_search,37,0,
1555,email,40,0,
1555,direct,40,0,
1555,organic_search,41,0,
1556,direct,12,0,
1556,email,13,0,
1556,email,14,0,
1557,referral,23,1,33
1557,organic_search,26,1,33
1557,referral,28,1,33
1557,direct,30,1,33
1557,social,31,1,33
1557,organic_search,33,1,33
1558,organic_search,29,1,30
1558,referral,29,1,30
1558,organic_search,29,1,30
1558,direct,30,1,30
1558,social,30,1,30
1559,organic_search,17,0,
1559,direct,18,0,
1560,direct,47,0,
1560,paid_search,47,0,
1561,organic_search,69,1,78
1561,email,69,1,78
1561,organic_search,71,1,78
1561,display,74,1,78
1561,display,76,1,78
1561,referral,76,1,78
1562,email,77,1,84
1562,email,80,1,84
1562,email,83,1,84
1562,display,83,1,84
1563,paid_search,5,1,14
1563,paid_search,7,1,14
1563,social,9,1,14
1563,paid_search,12,1,14
1564,paid_search,46,1,52
1564,email,49,1,52
1564,social,49,1,52
1564,social,50,1,52
1564,email,52,1,52
1565,paid_search,11,0,
1565,social,11,0,
1565,display,12,0,
1566,paid_search,26,1,28
1566,direct,27,1,28
1566,social,28,1,28
1567,organic_search,7,0,
1567,organic_search,8,0,
1567,direct,9,0,
1567,direct,12,0,
1568,paid_search,28,1,33
1568,social,28,1,33
1568,referral,29,1,33
1568,paid_search,31,1,33
1568,display,31,1,33
1569,display,5,0,
1570,referral,13,0,
1570,paid_search,13,0,
1571,organic_search,40,1,47
1571,organic_search,40,1,47
1571,organic_search,42,1,47
1571,direct,44,1,47
1571,email,47,1,47
1572,referral,69,1,77
1572,referral,69,1,77
1572,referral,72,1,77
1572,email,75,1,77
1573,direct,35,1,40
1573,organic_search,37,1,40
1573,paid_search,38,1,40
1573,direct,40,1,40
1574,email,32,1,36
1574,social,32,1,36
1574,social,34,1,36
1574,display,34,1,36
1574,email,35,1,36
1575,paid_search,19,0,
1576,display,16,1,21
1576,organic_search,17,1,21
1576,paid_search,17,1,21
1576,email,20,1,21
1577,referral,21,0,
1578,paid_search,23,0,
1579,referral,37,1,39
1579,social,38,1,39
1580,organic_search,11,0,
1580,organic_search,14,0,
1580,display,16,0,
1581,paid_search,26,0,
1582,social,16,1,23
1582,referral,18,1,23
1582,paid_search,20,1,23
1582,referral,23,1,23
1583,email,72,1,77
1583,organic_search,75,1,77
1583,organic_search,76,1,77
1584,organic_search,38,1,41
1584,email,38,1,41
1584,paid_search,41,1,41
1584,social,41,1,41
1585,direct,21,1,24
1585,organic_search,23,1,24
1585,paid_search,24,1,24
1586,organic_search,17,1,22
1586,organic_search,20,1,22
1586,direct,21,1,22
1587,paid_search,6,0,
1587,social,6,0,
1588,email,21,1,23
1589,direct,68,0,
1589,social,71,0,
1590,paid_search,21,1,29
1590,email,24,1,29
1590,direct,25,1,29
1590,referral,27,1,29
1591,direct,19,0,
1591,direct,22,0,
1591,referral,25,0,
1592,paid_search,77,0,
1592,organic_search,80,0,
1593,organic_search,33,0,
1593,organic_search,33,0,
1593,social,33,0,
1594,social,2,0,
1594,email,3,0,
1595,display,15,0,
1596,email,71,1,76
1596,direct,73,1,76
1596,social,74,1,76
1596,paid_search,76,1,76
1597,organic_search,40,1,41
1597,email,41,1,41
1597,social,41,1,41
1598,referral,52,1,52
1598,social,52,1,52
1598,direct,52,1,52
1599,email,31,0,
1600,organic_search,39,0,
1600,paid_search,42,0,
1600,email,45,0,
1601,direct,37,0,
1601,paid_search,37,0,
1602,paid_search,62,1,66
1602,paid_search,63,1,66
1602,direct,66,1,66
1602,paid_search,66,1,66
1603,organic_search,23,1,27
1603,organic_search,25,1,27
1603,email,26,1,27
1604,display,25,0,
1604,paid_search,26,0,
1605,display,25,0,
1605,direct,26,0,
1605,display,29,0,
1606,direct,66,0,
1607,paid_search,62,0,
1608,social,47,0,
1608,organic_search,49,0,
1608,paid_search,49,0,
1609,direct,5,0,
1609,referral,7,0,
1609,email,10,0,
1610,paid_search,63,1,68
1610,paid_search,65,1,68
1610,paid_search,66,1,68
1610,referral,68,1,68
1611,paid_search,5,1,9
1611,referral,5,1,9
1611,direct,6,1,9
1611,email,8,1,9
1611,social,9,1,9
1612,organic_search,26,1,31
1612,organic_search,28,1,31
1612,organic_search,28,1,31
1612,paid_search,29,1,31
1613,referral,37,1,42
1613,direct,40,1,42
1613,paid_search,41,1,42
1613,referral,42,1,42
1614,paid_search,7,0,
1615,organic_search,68,0,
1615,direct,68,0,
1616,referral,56,0,
1616,social,59,0,
1617,paid_search,0,1,2
1618,referral,14,1,22
1618,email,17,1,22
1618,email,18,1,22
1618,display,18,1,22
1618,organic_search,21,1,22
1619,referral,36,1,42
1619,paid_search,38,1,42
1619,paid_search,38,1,42
1619,paid_search,39,1,42
1619,social,41,1,42
1620,social,78,0,
1620,email,80,0,
1620,email,83,0,
1621,email,47,0,
1621,direct,47,0,
1622,email,26,0,
1622,paid_search,29,0,
1623,social,21,1,28
1623,email,21,1,28
1623,social,23,1,28
1623,direct,23,1,28
1623,paid_search,25,1,28
1623,referral,28,1,28
1624,email,56,1,64
1624,paid_search,58,1,64
1624,paid_search,61,1,64
1624,paid_search,63,1,64
1625,referral,39,0,
1626,social,63,0,
1627,email,66,1,70
1627,organic_search,67,1,70
1627,display,68,1,70
1627,direct,68,1,70
1628,social,10,1,15
1628,direct,10,1,15
1628,referral,13,1,15
1628,direct,15,1,15
1629,paid_search,35,0,
1629,email,36,0,
1630,referral,58,0,
1630,direct,60,0,
1631,paid_search,26,1,33
1631,organic_search,27,1,33
1631,display,29,1,33
1631,email,31,1,33
1632,direct,25,0,
1632,referral,28,0,
1633,social,61,0,
1634,social,60,1,69
1634,organic_search,63,1,69
1634,email,64,1,69
1634,referral,67,1,69
1634,direct,67,1,69
1635,organic_search,22,1,28
1635,display,22,1,28
1635,social,25,1,28
1635,paid_search,25,1,28
1635,paid_search,26,1,28
1635,organic_search,28,1,28
1636,social,66,0,
1637,referral,13,0,
1637,email,14,0,
1638,organic_search,15,1,17
1638,direct,15,1,17
1638,display,16,1,17
1638,display,16,1,17
1639,email,3,0,
1640,direct,18,1,21
1640,referral,20,1,21
1640,social,20,1,21
1640,email,20,1,21
1641,social,31,0,
1641,referral,33,0,
1641,email,34,0,
1642,email,58,0,
1642,social,60,0,
1642,paid_search,62,0,
1643,organic_search,2,1,8
1643,social,2,1,8
1643,display,4,1,8
1643,display,6,1,8
1644,display,37,1,42
1644,email,38,1,42
1644,paid_search,41,1,42
1645,email,25,1,32
1645,social,26,1,32
1645,email,26,1,32
1645,direct,29,1,32
1645,direct,30,1,32
1646,display,25,0,
1646,organic_search,25,0,
1647,organic_search,58,0,
1647,referral,61,0,
1648,social,25,1,31
1648,referral,28,1,31
1648,email,28,1,31
1648,paid_search,30,1,31
1649,display,27,0,
1650,social,74,0,
1651,referral,63,1,74
1651,email,65,1,74
1651,paid_search,68,1,74
1651,email,70,1,74
1651,organic_search,72,1,74
1652,display,4,0,
1652,organic_search,6,0,
1652,direct,9,0,
1653,referral,31,0,
1654,social,69,1,77
1654,email,71,1,77
1654,social,74,1,77
1654,organic_search,77,1,77
1655,paid_search,70,0,
1655,referral,71,0,
1656,email,57,0,
1657,social,31,0,
1657,organic_search,31,0,
1657,social,33,0,
1658,direct,68,0,
1659,paid_search,3,1,8
1659,organic_search,5,1,8
1659,email,6,1,8
1660,paid_search,52,0,
1660,social,52,0,
1661,email,58,1,62
1661,email,58,1,62
1661,display,60,1,62
1661,paid_search,60,1,62
1661,social,62,1,62
1662,email,17,1,26
1662,organic_search,19,1,26
1662,display,22,1,26
1662,email,24,1,26
1663,referral,15,0,
1663,display,16,0,
1664,email,26,0,
1664,email,28,0,
1664,direct,28,0,
1665,direct,70,1,77
1665,email,73,1,77
1665,display,75,1,77
1666,referral,3,1,6
1666,referral,4,1,6
1666,display,4,1,6
1667,organic_search,50,1,50
1667,paid_search,50,1,50
1667,organic_search,50,1,50
1668,direct,36,0,
1668,direct,38,0,
1669,direct,48,0,
1670,email,32,1,37
1670,referral,33,1,37
1670,organic_search,35,1,37
1671,social,11,0,
1671,organic_search,14,0,
1672,email,32,0,
1672,email,33,0,
1673,referral,74,1,82
1673,email,75,1,82
1673,social,77,1,82
1673,paid_search,80,1,82
1674,display,3,1,8
1674,email,3,1,8
1674,social,6,1,8
1675,email,55,0,
1676,organic_search,46,0,
1676,social,49,0,
1676,paid_search,52,0,
1677,paid_search,20,0,
1678,paid_search,74,1,79
1678,social,76,1,79
1678,social,77,1,79
1678,direct,79,1,79
1679,organic_search,23,1,25
1679,referral,23,1,25
1679,referral,25,1,25
1680,direct,47,1,60
1680,organic_search,50,1,60
1680,direct,52,1,60
1680,referral,55,1,60
1680,display,58,1,60
1681,referral,76,1,82
1681,referral,79,1,82
1681,social,79,1,82
1681,social,80,1,82
1682,email,34,0,
1682,paid_search,35,0,
1682,direct,37,0,
1682,display,37,0,
1683,referral,68,1,71
1683,email,70,1,71
1684,display,19,0,
1684,social,19,0,
1685,email,60,0,
1685,paid_search,61,0,
1686,referral,75,1,76
1686,referral,75,1,76
1686,organic_search,75,1,76
1687,organic_search,59,1,64
1687,paid_search,62,1,64
1687,organic_search,64,1,64
1687,email,64,1,64
1688,social,52,1,55
1688,paid_search,55,1,55
1689,direct,61,1,62
1689,email,61,1,62
1689,email,61,1,62
1690,paid_search,15,0,
1690,direct,15,0,
1691,direct,52,1,58
1691,social,52,1,58
1691,referral,52,1,58
1691,paid_search,55,1,58
1691,referral,56,1,58
1692,paid_search,40,0,
1692,organic_search,43,0,
1693,referral,33,1,37
1693,email,35,1,37
1694,social,42,1,50
1694,paid_search,43,1,50
1694,direct,46,1,50
1694,email,49,1,50
1694,organic_search,49,1,50
1695,display,26,0,
1696,social,49,1,54
1696,organic_search,51,1,54
1696,email,52,1,54
1697,email,64,0,
1697,email,66,0,
1698,referral,56,1,58
1699,email,8,0,
1700,email,46,0,
1700,paid_search,46,0,
1700,social,46,0,
1701,direct,16,0,
1701,social,17,0,
1701,paid_search,19,0,
1702,social,31,1,37
1702,social,33,1,37
1702,direct,33,1,37
1702,paid_search,36,1,37
1703,paid_search,39,0,
1704,direct,46,1,52
1704,paid_search,48,1,52
1704,direct,49,1,52
1704,direct,49,1,52
1704,display,50,1,52
1704,direct,50,1,52
1705,email,8,0,
1706,social,47,0,
1706,email,47,0,
1707,direct,30,0,
1708,social,47,0,
1708,email,49,0,
1709,organic_search,2,1,7
1709,paid_search,5,1,7
1709,social,6,1,7
1709,referral,7,1,7
1710,referral,9,0,
1710,paid_search,11,0,
1711,organic_search,28,1,36
1711,direct,31,1,36
1711,referral,34,1,36
1711,display,35,1,36
1712,organic_search,67,1,69
1712,referral,68,1,69
1712,direct,68,1,69
1713,referral,3,1,11
1713,social,5,1,11
1713,direct,7,1,11
1713,paid_search,10,1,11
1714,organic_search,57,0,
1714,email,59,0,
1715,email,4,0,
1715,paid_search,6,0,
1715,direct,6,0,
1715,paid_search,8,0,
1716,paid_search,3,0,
1717,email,37,0,
1718,email,26,0,
1718,direct,26,0,
1719,social,22,1,33
1719,direct,23,1,33
1719,social,25,1,33
1719,organic_search,26,1,33
1719,referral,28,1,33
1719,display,31,1,33
1720,organic_search,29,0,
1721,paid_search,13,1,14
1721,social,13,1,14
1721,organic_search,14,1,14
1722,referral,44,0,
1722,direct,45,0,
1723,email,57,1,62
1723,social,59,1,62
1723,social,60,1,62
1723,paid_search,61,1,62
1723,referral,62,1,62
1724,paid_search,31,1,36
1724,social,32,1,36
1724,direct,33,1,36
1724,display,34,1,36
1724,email,36,1,36
1725,organic_search,55,0,
1726,email,0,1,7
1726,direct,2,1,7
1726,paid_search,4,1,7
1726,direct,4,1,7
1726,direct,5,1,7
1727,display,11,1,18
1727,organic_search,11,1,18
1727,referral,13,1,18
1727,direct,14,1,18
1727,email,16,1,18
1727,display,17,1,18
1728,referral,66,1,66
1729,display,6,1,10
1729,organic_search,6,1,10
1729,referral,8,1,10
1729,email,9,1,10
1729,email,10,1,10
1730,paid_search,15,1,15
1731,organic_search,13,1,18
1731,paid_search,14,1,18
1731,referral,15,1,18
1731,direct,16,1,18
1731,display,17,1,18
1732,direct,68,0,
1733,email,10,0,
1733,referral,10,0,
1733,social,13,0,
1734,display,41,1,46
1734,display,42,1,46
1734,direct,45,1,46
1734,paid_search,46,1,46
1735,direct,48,0,
1736,organic_search,11,0,
1736,referral,14,0,
1736,social,16,0,
1737,email,23,0,
1737,display,26,0,
1737,direct,27,0,
1738,email,50,1,52
1738,social,50,1,52
1738,social,50,1,52
1739,paid_search,15,0,
1739,email,15,0,
1739,organic_search,16,0,
1740,paid_search,49,0,
1740,paid_search,50,0,
1741,email,9,1,14
1741,direct,11,1,14
1741,direct,11,1,14
1741,referral,13,1,14
1742,organic_search,52,0,
1743,email,14,1,19
1743,organic_search,16,1,19
1743,direct,17,1,19
1744,paid_search,71,1,81
1744,paid_search,73,1,81
1744,email,75,1,81
1744,direct,78,1,81
1744,direct,81,1,81
1744,email,81,1,81
1745,paid_search,69,1,69
1745,organic_search,69,1,69
1746,referral,7,1,14
1746,referral,8,1,14
1746,social,8,1,14
1746,social,11,1,14
1746,email,13,1,14
1747,referral,58,1,62
1747,social,59,1,62
1747,referral,61,1,62
1748,organic_search,7,0,
1748,paid_search,8,0,
1749,display,6,0,
1749,social,8,0,
1749,referral,11,0,
1750,email,74,0,
1750,display,74,0,
1751,display,62,1,71
1751,direct,65,1,71
1751,paid_search,68,1,71
1751,organic_search,70,1,71
1751,organic_search,71,1,71
1752,paid_search,74,0,
1753,email,25,1,35
1753,organic_search,25,1,35
1753,paid_search,28,1,35
1753,direct,31,1,35
1753,email,33,1,35
1754,social,4,0,
1754,display,7,0,
1754,social,10,0,
1755,display,18,0,
1756,organic_search,47,0,
1756,display,50,0,
1757,organic_search,74,0,
1757,social,75,0,
1757,paid_search,78,0,
1758,paid_search,65,0,
1758,direct,67,0,
1759,organic_search,62,0,
1760,organic_search,19,0,
1760,email,19,0,
1761,direct,18,1,24
1761,email,19,1,24
1761,display,22,1,24
1762,display,64,1,67
1762,social,64,1,67
1762,direct,67,1,67
1763,referral,48,0,
1763,display,48,0,
1764,organic_search,71,1,71
1764,referral,71,1,71
1765,email,19,1,26
1765,display,19,1,26
1765,email,20,1,26
1765,display,23,1,26
1765,paid_search,26,1,26
1766,referral,38,1,43
1766,email,38,1,43
1766,paid_search,39,1,43
1766,organic_search,42,1,43
1767,display,52,1,56
1767,paid_search,52,1,56
1767,paid_search,54,1,56
1767,display,56,1,56
1767,organic_search,56,1,56
1768,organic_search,30,0,
1768,organic_search,33,0,
1768,email,33,0,
1769,email,64,0,
1769,email,64,0,
1770,organic_search,36,1,43
1770,paid_search,38,1,43
1770,email,39,1,43
1770,social,42,1,43
1771,paid_search,71,1,78
1771,organic_search,73,1,78
1771,organic_search,75,1,78
1771,organic_search,76,1,78
1771,referral,77,1,78
1772,social,29,0,
1772,direct,30,0,
1773,display,57,0,
1773,organic_search,59,0,
1773,social,61,0,
1774,email,27,1,32
1774,paid_search,27,1,32
1774,email,27,1,32
1774,referral,28,1,32
1774,social,30,1,32
1774,paid_search,31,1,32
1775,direct,3,1,12
1775,referral,6,1,12
1775,display,7,1,12
1775,referral,10,1,12
1776,referral,66,1,71
1776,direct,66,1,71
1776,paid_search,69,1,71
1777,direct,57,1,61
1777,direct,58,1,61
1777,display,61,1,61
1778,referral,62,1,70
1778,email,65,1,70
1778,organic_search,66,1,70
1778,direct,68,1,70
1779,direct,26,1,31
1779,email,27,1,31
1779,organic_search,29,1,31
1779,organic_search,29,1,31
1780,social,62,1,69
1780,paid_search,64,1,69
1780,paid_search,66,1,69
1780,referral,68,1,69
1781,social,45,1,49
1781,organic_search,46,1,49
1781,direct,47,1,49
1782,social,24,1,25
1782,referral,24,1,25
1783,email,50,0,
1783,referral,50,0,
1784,social,18,1,20
1784,email,18,1,20
1785,display,16,0,
1785,social,17,0,
1786,paid_search,68,0,
1786,organic_search,70,0,
1786,organic_search,71,0,
1786,display,71,0,
1786,organic_search,73,0,
1787,paid_search,46,0,
1787,paid_search,46,0,
1788,paid_search,2,1,3
1788,display,2,1,3
1788,email,3,1,3
1788,direct,3,1,3
1789,referral,19,1,26
1789,referral,22,1,26
1789,email,24,1,26
1789,referral,24,1,26
1790,organic_search,19,0,
1790,paid_search,22,0,
1791,organic_search,29,1,34
1791,email,31,1,34
1791,paid_search,34,1,34
1792,organic_search,24,1,24
1792,organic_search,24,1,24
1792,paid_search,24,1,24
1792,direct,24,1,24
1793,social,12,0,
1793,display,13,0,
1793,paid_search,16,0,
1793,organic_search,18,0,
1793,referral,21,0,
1794,social,14,0,
1794,referral,17,0,
1795,email,70,0,
1795,paid_search,73,0,
1796,social,60,0,
1796,direct,60,0,
1797,direct,9,0,
1798,social,62,0,
1798,referral,63,0,
1799,email,64,0,
1799,paid_search,64,0,
1800,paid_search,10,0,
1800,organic_search,12,0,
1800,display,12,0,
1801,social,3,0,
1802,paid_search,2,1,11
1802,email,4,1,11
1802,email,7,1,11
1802,social,9,1,11
1803,organic_search,59,1,66
1803,paid_search,61,1,66
1803,email,64,1,66
1803,organic_search,64,1,66
1804,email,67,0,
1805,paid_search,50,0,
1805,display,50,0,
1805,organic_search,51,0,
1806,organic_search,72,1,83
1806,display,74,1,83
1806,paid_search,77,1,83
1806,organic_search,78,1,83
1806,social,81,1,83
1807,organic_search,71,0,
1807,organic_search,73,0,
1808,referral,5,1,10
1808,paid_search,8,1,10
1808,referral,10,1,10
1809,paid_search,10,1,14
1809,organic_search,12,1,14
1809,direct,12,1,14
1810,email,38,1,47
1810,direct,39,1,47
1810,organic_search,41,1,47
1810,email,41,1,47
1810,social,42,1,47
1810,paid_search,45,1,47
1811,paid_search,54,1,58
1811,direct,54,1,58
1811,display,54,1,58
1811,paid_search,54,1,58
1811,referral,54,1,58
1811,email,56,1,58
1812,email,20,0,
1813,paid_search,68,0,
1813,direct,68,0,
1813,paid_search,70,0,
1814,social,4,0,
1814,organic_search,7,0,
1815,display,36,0,
1815,organic_search,37,0,
1816,social,66,1,71
1816,direct,66,1,71
1816,email,69,1,71
1816,referral,71,1,71
1817,email,10,1,13
1817,email,11,1,13
1817,referral,12,1,13
1818,direct,40,1,44
1818,paid_search,40,1,44
1818,referral,43,1,44
1818,display,44,1,44
1819,organic_search,16,1,19
1819,direct,18,1,19
1819,direct,18,1,19
1820,display,66,0,
1820,direct,68,0,
1821,paid_search,57,1,59
1821,display,59,1,59
1822,email,41,1,46
1822,email,43,1,46
1822,direct,45,1,46
1823,referral,27,0,
1823,display,28,0,
1824,email,8,1,11
1824,email,9,1,11
1824,email,10,1,11
1825,paid_search,66,0,
1825,email,66,0,
1826,social,10,1,14
1826,direct,12,1,14
1827,referral,20,1,25
1827,email,22,1,25
1827,email,24,1,25
1828,paid_search,5,0,
1828,referral,6,0,
1829,display,65,0,
1830,organic_search,12,0,
1831,social,69,1,74
1831,display,69,1,74
1831,paid_search,72,1,74
1831,display,74,1,74
1832,organic_search,35,0,
1832,referral,36,0,
1833,referral,30,0,
1833,social,32,0,
1834,social,24,1,30
1834,email,25,1,30
1834,social,27,1,30
1834,referral,29,1,30
1835,organic_search,70,0,
1835,organic_search,73,0,
1835,display,73,0,
1836,direct,30,1,34
1836,email,33,1,34
1837,social,51,0,
1838,paid_search,68,1,70
1838,social,70,1,70
1839,direct,64,0,
1840,direct,52,0,
1841,direct,68,0,
1842,direct,4,1,4
1842,paid_search,4,1,4
1842,referral,4,1,4
1843,organic_search,32,0,
1843,email,32,0,
1844,direct,21,1,26
1844,email,23,1,26
1844,social,26,1,26
1845,paid_search,59,1,67
1845,display,61,1,67
1845,paid_search,63,1,67
1845,organic_search,65,1,67
1846,referral,68,1,72
1846,direct,70,1,72
1846,social,71,1,72
1847,referral,5,0,
1847,social,5,0,
1847,direct,5,0,
1848,email,36,0,
1848,referral,38,0,
1849,organic_search,31,0,
1850,paid_search,62,0,
1851,referral,32,0,
1851,social,35,0,
1852,paid_search,58,1,60
1853,referral,6,0,
1854,display,43,0,
1854,email,43,0,
1854,social,46,0,
1855,email,73,1,76
1855,email,75,1,76
1856,social,52,1,55
1856,paid_search,54,1,55
1856,direct,54,1,55
1856,organic_search,54,1,55
1857,paid_search,65,1,69
1857,referral,65,1,69
1857,social,67,1,69
1857,direct,67,1,69
1858,referral,39,0,
1858,social,42,0,
1859,social,34,1,40
1859,email,35,1,40
1859,paid_search,38,1,40
1859,paid_search,40,1,40
1859,referral,40,1,40
1860,organic_search,23,1,29
1860,email,24,1,29
1860,organic_search,27,1,29
1861,paid_search,11,1,18
1861,paid_search,11,1,18
1861,social,13,1,18
1861,organic_search,16,1,18
1862,organic_search,0,1,3
1862,email,0,1,3
1862,organic_search,1,1,3
1862,paid_search,3,1,3
1862,referral,3,1,3
1863,social,76,0,
1863,email,77,0,
1864,social,34,1,38
1864,referral,34,1,38
1864,email,34,1,38
1864,organic_search,37,1,38
1865,email,45,0,
1865,direct,45,0,
1866,social,55,0,
1866,organic_search,58,0,
1866,direct,60,0,
1867,email,47,1,53
1867,display,49,1,53
1867,organic_search,52,1,53
1868,organic_search,68,0,
1868,referral,71,0,
1868,email,72,0,
1869,organic_search,26,1,30
1869,paid_search,27,1,30
1869,organic_search,29,1,30
1870,direct,9,0,
1870,organic_search,9,0,
1871,direct,3,1,8
1871,paid_search,3,1,8
1871,paid_search,6,1,8
1871,social,6,1,8
1871,display,6,1,8
1871,paid_search,7,1,8
1872,social,54,0,
1873,organic_search,41,0,
1873,email,44,0,
1874,referral,50,0,
1874,email,51,0,
1875,direct,18,0,
1875,email,21,0,
1876,organic_search,74,0,
1876,direct,74,0,
1876,organic_search,75,0,
1877,direct,76,1,83
1877,direct,78,1,83
1877,referral,80,1,83
1877,display,82,1,83
1877,organic_search,83,1,83
1878,email,25,0,
1878,display,28,0,
1879,direct,49,1,60
1879,organic_search,51,1,60
1879,direct,54,1,60
1879,paid_search,54,1,60
1879,organic_search,57,1,60
1879,display,59,1,60
1880,organic_search,62,0,
1881,paid_search,24,1,29
1881,paid_search,24,1,29
1881,referral,26,1,29
1881,display,29,1,29
1882,paid_search,72,0,
1882,organic_search,74,0,
1883,email,23,0,
1883,social,26,0,
1883,direct,26,0,
1884,paid_search,65,1,67
1885,direct,6,0,
1886,referral,63,0,
1886,direct,65,0,
1886,referral,68,0,
1887,organic_search,56,1,58
1887,social,56,1,58
1887,paid_search,58,1,58
1888,social,33,0,
1888,organic_search,36,0,
1889,display,32,0,
1889,email,32,0,
1889,paid_search,35,0,
1890,organic_search,54,1,59
1890,referral,56,1,59
1890,direct,56,1,59
1890,email,57,1,59
1890,organic_search,59,1,59
1891,direct,46,0,
1891,email,47,0,
1892,referral,78,1,81
1892,paid_search,78,1,81
1892,direct,78,1,81
1892,social,78,1,81
1892,email,81,1,81
1893,display,9,0,
1893,paid_search,9,0,
1893,organic_search,10,0,
1894,referral,29,0,
1895,organic_search,70,1,75
1895,organic_search,70,1,75
1895,social,73,1,75
1895,organic_search,74,1,75
1896,email,12,0,
1896,email,12,0,
1896,direct,13,0,
1896,email,13,0,
1897,social,16,1,20
1897,display,17,1,20
1897,referral,17,1,20
1897,social,18,1,20
1897,organic_search,19,1,20
1897,paid_search,20,1,20
1898,referral,7,0,
1898,organic_search,8,0,
1899,paid_search,17,0,
1900,email,12,0,
1900,organic_search,15,0,
1900,paid_search,17,0,
1901,paid_search,3,0,
1901,email,4,0,
1901,organic_search,6,0,
1902,referral,64,0,
1903,referral,53,0,
1903,paid_search,56,0,
1904,email,10,1,14
1904,referral,12,1,14
1904,direct,13,1,14
1905,social,70,1,71
1905,direct,70,1,71
1906,organic_search,4,0,
1906,referral,6,0,
1906,social,9,0,
1907,social,23,0,
1907,paid_search,26,0,
1908,email,56,0,
1908,paid_search,56,0,
1909,organic_search,33,0,
1910,referral,59,0,
1910,email,61,0,
1911,paid_search,15,0,
1911,email,16,0,
1912,organic_search,3,1,7
1912,organic_search,6,1,7
1912,referral,6,1,7
1912,paid_search,6,1,7
1913,organic_search,34,1,38
1913,direct,34,1,38
1913,email,36,1,38
1913,referral,36,1,38
1914,direct,7,1,11
1914,paid_search,7,1,11
1914,paid_search,8,1,11
1914,referral,8,1,11
1914,organic_search,11,1,11
1915,referral,21,0,
1916,paid_search,5,1,13
1916,direct,7,1,13
1916,direct,8,1,13
1916,paid_search,10,1,13
1916,paid_search,11,1,13
1917,social,74,1,76
1917,paid_search,75,1,76
1917,direct,76,1,76
1918,display,5,1,11
1918,referral,7,1,11
1918,social,7,1,11
1918,direct,10,1,11
1918,organic_search,10,1,11
1918,organic_search,11,1,11
1919,direct,49,1,51
1919,referral,50,1,51
1919,display,50,1,51
1920,paid_search,42,0,
1920,referral,45,0,
1920,social,46,0,
1921,email,44,1,48
1921,paid_search,47,1,48
1922,paid_search,61,0,
1922,direct,64,0,
1923,email,30,1,33
1923,display,32,1,33
1923,direct,32,1,33
1923,paid_search,32,1,33
1923,direct,33,1,33
1924,referral,48,0,
1924,direct,51,0,
1924,email,51,0,
1925,email,10,0,
1925,paid_search,11,0,
1926,referral,65,1,65
1927,paid_search,25,0,
1927,paid_search,26,0,
1928,organic_search,56,0,
1929,paid_search,63,1,65
1929,referral,64,1,65
1929,organic_search,64,1,65
1929,social,64,1,65
1930,email,17,1,28
1930,paid_search,19,1,28
1930,email,19,1,28
1930,direct,21,1,28
1930,social,24,1,28
1930,organic_search,27,1,28
1931,referral,72,0,
1931,direct,75,0,
1931,organic_search,75,0,
1932,email,16,1,22
1932,email,17,1,22
1932,paid_search,17,1,22
1932,paid_search,17,1,22
1932,paid_search,18,1,22
1932,social,20,1,22
1933,social,38,0,
1933,paid_search,39,0,
1934,organic_search,41,0,
1935,organic_search,51,0,
1936,paid_search,21,1,29
1936,email,24,1,29
1936,referral,24,1,29
1936,paid_search,26,1,29
1936,direct,27,1,29
1937,direct,17,1,19
1937,display,18,1,19
1937,paid_search,18,1,19
1938,email,10,0,
1938,organic_search,10,0,
1938,referral,12,0,
1939,display,67,1,74
1939,paid_search,67,1,74
1939,email,70,1,74
1939,social,71,1,74
1939,referral,72,1,74
1939,referral,72,1,74
1940,display,30,0,
1940,email,32,0,
1941,email,48,1,55
1941,direct,51,1,55
1941,email,54,1,55
1941,email,54,1,55
1942,paid_search,41,1,47
1942,direct,42,1,47
1942,direct,43,1,47
1942,organic_search,44,1,47
1942,social,46,1,47
1943,display,31,0,
1943,email,31,0,
1944,social,53,0,
1944,social,56,0,
1945,social,59,0,
1945,social,61,0,
1945,paid_search,64,0,
1946,referral,22,0,
1946,paid_search,23,0,
1947,organic_search,63,1,67
1947,display,63,1,67
1947,social,65,1,67
1948,display,21,0,
1948,paid_search,24,0,
1948,paid_search,25,0,
1949,paid_search,57,1,60
1949,email,59,1,60
1950,email,36,0,
1951,display,55,0,
1952,email,63,0,
1952,referral,66,0,
1952,referral,67,0,
1953,direct,52,1,61
1953,paid_search,55,1,61
1953,social,57,1,61
1953,display,58,1,61
1953,paid_search,59,1,61
1954,direct,4,0,
1954,referral,6,0,
1955,email,10,0,
1955,paid_search,13,0,
1956,referral,46,1,49
1956,referral,46,1,49
1956,organic_search,47,1,49
1957,organic_search,45,0,
1957,social,47,0,
1957,email,47,0,
1958,direct,23,0,
1958,email,23,0,
1959,paid_search,65,0,
1959,email,65,0,
1960,social,65,0,
1961,email,52,1,56
1961,organic_search,54,1,56
1961,organic_search,54,1,56
1961,referral,54,1,56
1961,display,55,1,56
1962,email,36,0,
1962,direct,38,0,
1963,direct,68,1,75
1963,direct,69,1,75
1963,email,72,1,75
1963,paid_search,73,1,75
1964,email,62,0,
1964,social,62,0,
1965,paid_search,52,1,59
1965,social,55,1,59
1965,email,58,1,59
1966,direct,30,1,36
1966,paid_search,33,1,36
1966,display,36,1,36
1967,direct,44,0,
1967,email,47,0,
1968,email,61,1,73
1968,social,63,1,73
1968,display,64,1,73
1968,email,66,1,73
1968,email,69,1,73
1968,email,72,1,73
1969,social,39,0,
1969,display,42,0,
1970,display,69,0,
1970,paid_search,69,0,
1971,direct,53,0,
1971,email,53,0,
1971,referral,56,0,
1971,direct,58,0,
1972,organic_search,63,1,67
1972,referral,64,1,67
1972,paid_search,65,1,67
1973,direct,29,1,36
1973,direct,32,1,36
1973,display,33,1,36
1973,organic_search,33,1,36
1973,referral,36,1,36
1974,paid_search,4,0,
1974,organic_search,7,0,
1975,email,26,1,38
1975,organic_search,26,1,38
1975,display,29,1,38
1975,direct,32,1,38
1975,paid_search,33,1,38
1975,direct,36,1,38
1976,email,25,1,33
1976,social,28,1,33
1976,organic_search,29,1,33
1976,organic_search,32,1,33
1977,referral,22,0,
1977,display,25,0,
1977,paid_search,25,0,
1978,direct,52,1,62
1978,display,52,1,62
1978,email,55,1,62
1978,referral,57,1,62
1978,referral,60,1,62
1979,social,29,0,
1979,display,32,0,
1980,email,68,1,73
1980,social,69,1,73
1980,referral,71,1,73
1980,referral,71,1,73
1981,email,18,1,24
1981,email,20,1,24
1981,direct,22,1,24
1981,organic_search,22,1,24
1982,referral,41,0,
1982,direct,44,0,
1982,organic_search,47,0,
1983,paid_search,60,1,66
1983,organic_search,61,1,66
1983,direct,64,1,66
1983,referral,64,1,66
1983,paid_search,65,1,66
1984,paid_search,29,0,
1985,social,13,1,19
1985,email,14,1,19
1985,direct,15,1,19
1985,display,18,1,19
1986,email,54,1,61
1986,email,56,1,61
1986,social,59,1,61
1986,social,60,1,61
1987,paid_search,46,1,48
1987,social,47,1,48
1987,referral,48,1,48
1988,organic_search,27,0,
1989,display,32,1,37
1989,paid_search,34,1,37
1989,referral,35,1,37
1990,paid_search,71,1,75
1990,direct,71,1,75
1990,direct,73,1,75
1991,social,38,1,45
1991,display,41,1,45
1991,social,44,1,45
1991,email,45,1,45
1992,paid_search,42,0,
1993,organic_search,69,0,
1993,social,70,0,
1994,social,41,1,50
1994,direct,43,1,50
1994,organic_search,44,1,50
1994,direct,47,1,50
1994,direct,49,1,50
1995,direct,36,1,44
1995,organic_search,39,1,44
1995,email,42,1,44
1996,email,51,1,60
1996,social,54,1,60
1996,direct,57,1,60
1996,referral,59,1,60
1997,paid_search,36,1,43
1997,referral,37,1,43
1997,referral,39,1,43
1997,referral,42,1,43
1997,direct,42,1,43
1998,paid_search,42,1,52
1998,social,45,1,52
1998,referral,47,1,52
1998,email,50,1,52
1999,email,67,0,
1999,organic_search,68,0,
2000,email,38,0,
2000,email,38,0,
2000,referral,39,0,
2000,organic_search,41,0,
2001,social,20,0,
2002,referral,23,1,29
2002,referral,24,1,29
2002,direct,27,1,29
2002,referral,29,1,29
2003,email,18,1,24
2003,direct,21,1,24
2003,referral,24,1,24
2003,direct,24,1,24
2003,referral,24,1,24
2004,referral,5,0,
2004,paid_search,7,0,
2005,direct,23,1,28
2005,display,26,1,28
2006,direct,41,0,
2006,direct,41,0,
2007,social,35,0,
2008,organic_search,59,1,66
2008,organic_search,62,1,66
2008,organic_search,63,1,66
2008,direct,64,1,66
2008,email,65,1,66
2009,referral,15,0,
2010,email,26,0,
2010,social,27,0,
2011,organic_search,3,1,13
2011,paid_search,5,1,13
2011,direct,8,1,13
2011,paid_search,11,1,13
2012,email,32,1,37
2012,organic_search,34,1,37
2012,paid_search,35,1,37
2012,email,37,1,37
2013,email,66,1,71
2013,referral,69,1,71
2013,direct,69,1,71
2014,organic_search,66,1,73
2014,display,68,1,73
2014,email,69,1,73
2014,organic_search,71,1,73
2015,email,73,0,
2015,paid_search,74,0,
2015,social,75,0,
2016,direct,31,1,33
2016,social,31,1,33
2017,email,59,0,
2017,direct,62,0,
2018,direct,51,0,
2018,organic_search,52,0,
2019,paid_search,72,0,
2019,organic_search,72,0,
2020,paid_search,62,1,76
2020,referral,64,1,76
2020,email,66,1,76
2020,email,68,1,76
2020,display,71,1,76
2020,social,74,1,76
2021,organic_search,51,0,
2021,organic_search,54,0,
2022,paid_search,65,0,
2022,paid_search,66,0,
2022,social,66,0,
2023,email,71,0,
2023,organic_search,73,0,
2024,social,34,0,
2024,direct,34,0,
2025,referral,20,1,26
2025,email,23,1,26
2025,direct,23,1,26
2025,referral,25,1,26
2025,direct,25,1,26
2026,paid_search,34,0,
2027,referral,73,0,
2027,direct,76,0,
2028,social,67,1,73
2028,direct,69,1,73
2028,paid_search,69,1,73
2028,social,72,1,73
2028,email,73,1,73
2029,social,40,1,44
2029,paid_search,42,1,44
2029,paid_search,43,1,44
2030,paid_search,75,0,
2030,display,77,0,
2031,referral,35,1,40
2031,display,35,1,40
2031,paid_search,38,1,40
2031,referral,38,1,40
2031,paid_search,40,1,40
2032,direct,20,1,26
2032,organic_search,23,1,26
2032,social,25,1,26
2032,display,25,1,26
2033,paid_search,74,0,
2034,social,21,1,29
2034,organic_search,21,1,29
2034,email,24,1,29
2034,social,24,1,29
2034,organic_search,27,1,29
2035,social,9,0,
2036,referral,53,0,
2036,paid_search,56,0,
2036,referral,59,0,
2037,referral,12,1,14
2037,display,12,1,14
2038,social,14,0,
2038,display,16,0,
2038,email,16,0,
2039,paid_search,57,1,64
2039,referral,59,1,64
2039,organic_search,61,1,64
2039,organic_search,62,1,64
2039,email,63,1,64
2040,organic_search,77,1,83
2040,referral,80,1,83
2040,paid_search,82,1,83
2041,social,25,1,29
2041,paid_search,25,1,29
2041,paid_search,25,1,29
2041,referral,26,1,29
2041,email,27,1,29
2042,display,62,0,
2042,direct,64,0,
2042,email,65,0,
2043,organic_search,33,0,
2044,direct,5,1,9
2044,direct,8,1,9
2044,display,9,1,9
2044,direct,9,1,9
2045,direct,18,1,31
2045,email,21,1,31
2045,email,24,1,31
2045,display,26,1,31
2045,paid_search,29,1,31
2046,direct,70,1,76
2046,display,72,1,76
2046,email,72,1,76
2046,email,74,1,76
2046,paid_search,76,1,76
2046,email,76,1,76
2047,referral,22,0,
2047,display,25,0,
2048,paid_search,21,1,29
2048,organic_search,22,1,29
2048,email,22,1,29
2048,organic_search,25,1,29
2048,email,28,1,29
2049,referral,77,1,89
2049,direct,80,1,89
2049,email,82,1,89
2049,paid_search,85,1,89
2049,email,87,1,89
2049,paid_search,89,1,89
2050,paid_search,1,0,
2050,referral,2,0,
2051,referral,56,0,
2051,paid_search,58,0,
2051,email,59,0,
2052,referral,4,1,15
2052,email,4,1,15
2052,paid_search,6,1,15
2052,organic_search,9,1,15
2052,direct,12,1,15
2052,social,15,1,15
2053,display,10,0,
2053,paid_search,12,0,
2053,organic_search,12,0,
2054,display,25,0,
2054,referral,26,0,
2055,display,23,0,
2055,direct,24,0,
2056,paid_search,21,1,27
2056,display,23,1,27
2056,organic_search,23,1,27
2056,email,25,1,27
2057,direct,29,1,38
2057,direct,31,1,38
2057,organic_search,34,1,38
2057,email,35,1,38
2057,direct,37,1,38
2058,organic_search,25,0,
2058,paid_search,28,0,
2059,paid_search,42,1,52
2059,email,45,1,52
2059,direct,47,1,52
2059,referral,50,1,52
2060,referral,65,1,71
2060,email,67,1,71
2060,paid_search,67,1,71
2060,referral,69,1,71
2061,email,73,0,
2061,organic_search,74,0,
2061,display,77,0,
2062,paid_search,34,0,
2062,direct,34,0,
2062,referral,35,0,
2063,paid_search,28,1,35
2063,social,31,1,35
2063,paid_search,33,1,35
2064,social,78,0,
2064,display,79,0,
2065,paid_search,16,1,17
2065,email,17,1,17
2065,referral,17,1,17
2065,paid_search,17,1,17
2066,email,32,0,
2066,direct,33,0,
2067,paid_search,9,1,17
2067,direct,11,1,17
2067,referral,13,1,17
2067,referral,16,1,17
2068,email,69,0,
2068,direct,72,0,
2069,organic_search,60,0,
2070,referral,18,1,23
2070,email,18,1,23
2070,direct,20,1,23
2070,display,22,1,23
2071,social,46,0,
2071,social,47,0,
2072,email,41,0,
2073,paid_search,71,0,
2073,referral,73,0,
2073,paid_search,76,0,
2074,referral,28,0,
2074,paid_search,30,0,
2075,direct,32,1,37
2075,email,33,1,37
2075,organic_search,35,1,37
2076,organic_search,56,0,
2076,email,58,0,
2076,social,60,0,
2077,referral,60,1,66
2077,direct,62,1,66
2077,referral,65,1,66
2078,organic_search,69,1,79
2078,organic_search,71,1,79
2078,direct,72,1,79
2078,direct,74,1,79
2078,organic_search,77,1,79
2078,direct,79,1,79
2079,email,69,0,
2079,organic_search,71,0,
2080,email,17,0,
2081,referral,15,0,
2081,organic_search,16,0,
2082,organic_search,22,0,
2083,email,65,0,
2084,social,38,1,43
2084,direct,38,1,43
2084,email,41,1,43
2084,email,41,1,43
2085,social,77,1,87
2085,display,80,1,87
2085,paid_search,81,1,87
2085,referral,84,1,87
2085,paid_search,86,1,87
2086,email,22,0,
2087,email,56,0,
2088,direct,2,0,
2088,paid_search,2,0,
2089,email,11,1,17
2089,social,14,1,17
2089,email,14,1,17
2089,social,15,1,17
2090,paid_search,64,1,71
2090,email,64,1,71
2090,social,67,1,71
2090,email,69,1,71
2091,email,45,1,53
2091,social,48,1,53
2091,paid_search,50,1,53
2091,paid_search,51,1,53
2091,social,52,1,53
2092,organic_search,5,0,
2093,email,33,0,
2094,direct,58,1,62
2094,email,60,1,62
2095,organic_search,19,1,23
2095,organic_search,21,1,23
2095,paid_search,23,1,23
2096,email,52,0,
2096,organic_search,54,0,
2097,email,41,1,46
2097,display,42,1,46
2097,direct,44,1,46
2097,paid_search,45,1,46
2097,referral,46,1,46
2098,referral,8,0,
2099,direct,23,1,30
2099,email,26,1,30
2099,social,29,1,30
2100,direct,64,1,64
2100,paid_search,64,1,64
2101,social,45,1,50
2101,social,45,1,50
2101,social,48,1,50
2101,display,50,1,50
2102,organic_search,32,1,35
2102,email,33,1,35
2102,social,35,1,35
2103,referral,11,1,15
2103,email,14,1,15
2103,referral,15,1,15
2103,social,15,1,15
2104,referral,32,1,36
2104,email,34,1,36
2104,organic_search,35,1,36
2105,direct,65,0,
2106,referral,2,0,
2107,display,19,1,21
2107,referral,19,1,21
2107,email,20,1,21
2107,email,20,1,21
2107,referral,20,1,21
2108,social,9,1,13
2108,referral,9,1,13
2108,paid_search,10,1,13
2108,social,11,1,13
2109,paid_search,31,0,
2109,direct,32,0,
2110,social,42,0,
2110,direct,45,0,
2110,referral,46,0,
2110,social,48,0,
2111,social,34,0,
2112,paid_search,35,1,46
2112,referral,36,1,46
2112,display,39,1,46
2112,direct,41,1,46
2112,direct,44,1,46
2113,direct,36,1,41
2113,organic_search,36,1,41
2113,social,36,1,41
2113,direct,39,1,41
2114,direct,8,0,
2114,paid_search,9,0,
2115,paid_search,43,1,50
2115,organic_search,44,1,50
2115,social,47,1,50
2115,email,50,1,50
2116,social,19,1,26
2116,direct,22,1,26
2116,direct,23,1,26
2116,paid_search,25,1,26
2117,display,75,1,82
2117,referral,76,1,82
2117,organic_search,78,1,82
2117,email,78,1,82
2117,email,80,1,82
2118,organic_search,39,1,41
2119,social,54,1,61
2119,referral,57,1,61
2119,referral,58,1,61
2119,paid_search,58,1,61
2119,email,60,1,61
2120,display,10,0,
2120,direct,13,0,
2121,direct,41,0,
2121,direct,41,0,
2121,referral,44,0,
2122,direct,25,0,
2123,display,52,0,
2124,email,35,1,42
2124,paid_search,38,1,42
2124,organic_search,41,1,42
2124,email,41,1,42
2125,email,53,1,58
2125,paid_search,56,1,58
2125,email,57,1,58
2126,referral,60,0,
2126,referral,60,0,
2127,display,35,0,
2127,organic_search,37,0,
2127,email,40,0,
2128,referral,70,1,74
2128,organic_search,70,1,74
2128,social,72,1,74
2128,referral,74,1,74
2129,organic_search,21,1,29
2129,email,24,1,29
2129,organic_search,27,1,29
2130,paid_search,78,1,84
2130,paid_search,80,1,84
2130,direct,82,1,84
2130,social,83,1,84
2130,organic_search,83,1,84
2131,email,44,1,49
2131,direct,46,1,49
2131,organic_search,46,1,49
2131,social,47,1,49
2132,email,57,1,61
2132,email,59,1,61
2132,organic_search,59,1,61
2132,referral,60,1,61
2133,email,49,1,51
2133,social,49,1,51
2133,direct,49,1,51
2133,direct,50,1,51
2133,direct,51,1,51
2134,organic_search,76,1,84
2134,referral,78,1,84
2134,organic_search,81,1,84
2134,display,82,1,84
2135,referral,8,1,9
2135,email,9,1,9
2136,paid_search,15,0,
2136,social,17,0,
2136,display,19,0,
2137,direct,32,1,32
2138,email,15,0,
2138,referral,17,0,
2138,email,20,0,
2139,referral,31,1,36
2139,organic_search,34,1,36
2139,paid_search,34,1,36
2140,email,27,1,31
2140,direct,30,1,31
2141,paid_search,14,0,
2141,email,15,0,
2141,referral,16,0,
2142,direct,18,0,
2142,referral,19,0,
2142,referral,19,0,
2143,organic_search,19,0,
2143,social,20,0,
2143,referral,22,0,
2144,display,2,0,
2144,email,4,0,
2145,referral,53,0,
2145,paid_search,54,0,
2146,organic_search,59,1,65
2146,paid_search,61,1,65
2146,direct,63,1,65
2146,email,65,1,65
2146,referral,65,1,65
2147,direct,1,1,6
2147,direct,1,1,6
2147,referral,4,1,6
2147,organic_search,5,1,6
2148,direct,61,1,63
2148,organic_search,63,1,63
2148,paid_search,63,1,63
2148,referral,63,1,63
2149,direct,22,0,
2150,paid_search,35,1,36
2150,social,36,1,36
2151,referral,75,0,
2152,direct,76,0,
2152,organic_search,76,0,
2152,direct,79,0,
2153,direct,61,1,62
2153,referral,62,1,62
2153,paid_search,62,1,62
2153,direct,62,1,62
2154,paid_search,75,0,
2154,referral,75,0,
2155,paid_search,41,0,
2155,paid_search,41,0,
2156,referral,53,0,
2157,social,50,0,
2157,referral,52,0,
2158,direct,50,0,
2158,referral,51,0,
2158,social,54,0,
2159,email,42,0,
2160,social,8,1,11
2160,direct,8,1,11
2160,organic_search,11,1,11
2161,direct,74,1,77
2161,display,75,1,77
2161,email,75,1,77
2162,organic_search,1,1,6
2162,email,4,1,6
2162,organic_search,4,1,6
2163,direct,77,0,
2164,organic_search,21,0,
2164,paid_search,23,0,
2165,paid_search,46,1,54
2165,paid_search,47,1,54
2165,organic_search,50,1,54
2165,organic_search,52,1,54
2166,direct,36,1,41
2166,direct,38,1,41
2166,referral,40,1,41
2167,paid_search,11,0,
2167,direct,13,0,
2168,direct,26,0,
2168,social,26,0,
2169,direct,9,0,
2169,referral,11,0,
2170,organic_search,10,0,
2170,paid_search,12,0,
2171,email,5,0,
2171,organic_search,6,0,
2172,direct,73,0,
2172,organic_search,74,0,
2173,email,47,0,
2174,social,54,0,
2174,paid_search,54,0,
2175,referral,72,1,80
2175,paid_search,72,1,80
2175,social,75,1,80
2175,social,78,1,80
2176,email,50,0,
2176,email,50,0,
2177,paid_search,33,1,42
2177,referral,33,1,42
2177,display,36,1,42
2177,direct,38,1,42
2177,organic_search,41,1,42
2178,direct,29,1,33
2178,organic_search,31,1,33
2178,direct,31,1,33
2179,email,71,1,81
2179,email,72,1,81
2179,organic_search,75,1,81
2179,social,77,1,81
2179,direct,79,1,81
2180,referral,16,1,20
2180,social,17,1,20
2180,email,18,1,20
2180,email,20,1,20
2180,referral,20,1,20
2181,paid_search,48,0,
2182,social,48,0,
2182,display,50,0,
2183,organic_search,70,1,74
2183,paid_search,73,1,74
2183,organic_search,74,1,74
2184,paid_search,73,1,74
2184,referral,74,1,74
2184,email,74,1,74
2185,paid_search,68,1,77
2185,social,71,1,77
2185,organic_search,74,1,77
2185,referral,76,1,77
2186,email,27,0,
2187,organic_search,75,1,85
2187,direct,78,1,85
2187,display,78,1,85
2187,social,78,1,85
2187,paid_search,81,1,85
2187,direct,83,1,85
2188,email,12,0,
2188,organic_search,14,0,
2189,social,44,0,
2190,email,58,0,
2190,referral,59,0,
2190,organic_search,61,0,
2191,direct,8,1,12
2191,referral,9,1,12
2191,email,9,1,12
2191,paid_search,9,1,12
2191,direct,11,1,12
2192,email,41,0,
2192,organic_search,44,0,
2193,display,71,0,
2193,display,73,0,
2194,display,29,0,
2194,direct,31,0,
2194,organic_search,31,0,
2195,direct,4,0,
2196,referral,48,1,51
2196,email,50,1,51
2196,social,51,1,51
2197,referral,67,1,71
2197,email,68,1,71
2197,direct,69,1,71
2197,paid_search,69,1,71
2197,email,71,1,71
2197,paid_search,71,1,71
2198,email,9,0,
2199,referral,39,0,
2199,email,41,0,
2200,display,3,0,
2200,paid_search,3,0,
2200,social,3,0,
2201,organic_search,55,0,
2201,paid_search,57,0,
2202,email,71,1,73
2202,organic_search,72,1,73
2203,paid_search,13,0,
2203,email,14,0,
2204,organic_search,60,0,
2204,direct,61,0,
2205,paid_search,47,0,
2205,email,49,0,
2206,social,36,0,
2206,email,38,0,
2206,paid_search,39,0,
2206,referral,42,0,
2207,social,5,0,
2207,social,5,0,
2207,social,5,0,
2207,social,6,0,
2208,email,1,0,
2209,email,59,0,
2210,paid_search,58,0,
2210,organic_search,60,0,
2211,direct,43,1,48
2211,email,44,1,48
2211,display,47,1,48
2212,direct,61,1,64
2212,social,61,1,64
2212,referral,64,1,64
2212,display,64,1,64
2213,referral,13,0,
2214,display,1,0,
2214,paid_search,2,0,
2214,referral,2,0,
2214,organic_search,2,0,
2215,direct,67,0,
2215,paid_search,70,0,
2216,direct,14,0,
2216,direct,17,0,
2216,paid_search,18,0,
2216,paid_search,20,0,
2217,referral,62,0,
2217,display,65,0,
2217,email,65,0,
2217,direct,67,0,
2217,paid_search,68,0,
2218,referral,51,1,53
2218,email,53,1,53
2219,display,4,1,8
2219,direct,5,1,8
2219,direct,5,1,8
2219,referral,6,1,8
2220,direct,41,0,
2220,direct,42,0,
2221,display,34,0,
2222,direct,65,0,
2222,email,65,0,
2223,email,53,1,55
2223,paid_search,55,1,55
2223,email,55,1,55
2224,paid_search,39,0,
2224,email,42,0,
2225,organic_search,59,1,62
2225,paid_search,60,1,62
2225,organic_search,62,1,62
2226,email,77,1,79
2226,organic_search,78,1,79
2227,referral,66,0,
2227,paid_search,69,0,
2227,display,72,0,
2228,paid_search,9,1,15
2228,email,12,1,15
2228,social,14,1,15
2228,email,14,1,15
2229,paid_search,17,0,
2229,social,20,0,
2229,email,21,0,
2230,direct,59,1,62
2230,social,59,1,62
2230,display,60,1,62
2230,referral,60,1,62
2230,paid_search,60,1,62
2231,direct,20,1,27
2231,referral,23,1,27
2231,referral,26,1,27
2232,display,4,0,
2232,social,6,0,
2233,email,37,0,
2234,referral,62,0,
2235,social,18,0,
2235,email,20,0,
2235,direct,21,0,
2236,social,47,0,
2237,referral,3,0,
2237,paid_search,3,0,
2237,direct,6,0,
2238,social,60,1,65
2238,paid_search,62,1,65
2238,social,65,1,65
2239,direct,16,1,27
2239,organic_search,17,1,27
2239,referral,19,1,27
2239,direct,20,1,27
2239,direct,23,1,27
2239,paid_search,26,1,27
2240,direct,75,0,
2240,direct,76,0,
2241,paid_search,32,0,
2242,direct,27,1,37
2242,paid_search,29,1,37
2242,direct,31,1,37
2242,display,32,1,37
2242,direct,35,1,37
2243,social,62,0,
2244,email,22,1,28
2244,paid_search,25,1,28
2244,direct,28,1,28
2245,display,74,1,77
2245,referral,74,1,77
2245,organic_search,77,1,77
2246,paid_search,5,1,10
2246,direct,6,1,10
2246,direct,8,1,10
2247,social,2,1,9
2247,social,5,1,9
2247,display,8,1,9
2248,paid_search,49,1,59
2248,organic_search,52,1,59
2248,paid_search,52,1,59
2248,paid_search,55,1,59
2248,referral,58,1,59
2248,email,58,1,59
2249,display,66,0,
2249,paid_search,67,0,
2249,display,69,0,
2249,paid_search,70,0,
2250,direct,47,1,52
2250,email,50,1,52
2251,organic_search,75,0,
2251,display,77,0,
2252,organic_search,18,0,
2253,organic_search,20,0,
2253,organic_search,22,0,
2253,social,22,0,
2254,organic_search,68,0,
2254,referral,68,0,
2254,email,70,0,
2255,referral,48,1,50
2255,organic_search,50,1,50
2256,display,46,0,
2256,email,48,0,
2257,direct,28,1,34
2257,paid_search,31,1,34
2257,paid_search,34,1,34
2258,organic_search,56,0,
2259,paid_search,14,1,16
2259,organic_search,15,1,16
2259,direct,16,1,16
2260,direct,72,0,
2260,social,73,0,
2260,email,75,0,
2261,paid_search,57,0,
2261,paid_search,60,0,
2262,email,75,0,
2262,social,77,0,
2263,email,15,1,20
2263,organic_search,17,1,20
2263,display,17,1,20
2263,referral,18,1,20
2264,display,26,1,35
2264,direct,28,1,35
2264,referral,31,1,35
2264,direct,34,1,35
2265,paid_search,31,1,34
2265,organic_search,31,1,34
2265,direct,32,1,34
2265,organic_search,33,1,34
2265,email,34,1,34
2266,organic_search,73,1,78
2266,referral,74,1,78
2266,display,77,1,78
2267,referral,48,1,60
2267,email,50,1,60
2267,referral,53,1,60
2267,social,56,1,60
2267,direct,59,1,60
2268,email,61,0,
2268,email,61,0,
2269,paid_search,5,1,6
2269,referral,6,1,6
2270,email,64,0,
2271,paid_search,75,1,76
2271,social,76,1,76
2271,paid_search,76,1,76
2272,direct,54,1,60
2272,email,57,1,60
2272,organic_search,59,1,60
2272,display,59,1,60
2273,organic_search,22,1,27
2273,direct,22,1,27
2273,organic_search,22,1,27
2273,paid_search,23,1,27
2273,social,24,1,27
2273,display,27,1,27
2274,email,24,0,
2274,paid_search,25,0,
2275,direct,59,0,
2275,email,62,0,
2275,direct,65,0,
2275,paid_search,68,0,
2275,organic_search,69,0,
2276,organic_search,16,1,25
2276,direct,17,1,25
2276,organic_search,17,1,25
2276,email,20,1,25
2276,direct,23,1,25
2277,paid_search,31,0,
2277,social,34,0,
2277,organic_search,36,0,
2278,organic_search,32,1,39
2278,direct,32,1,39
2278,email,33,1,39
2278,organic_search,34,1,39
2278,direct,37,1,39
2279,organic_search,1,0,
2280,social,39,0,
2280,email,41,0,
2281,direct,35,1,38
2281,direct,38,1,38
2282,paid_search,20,1,24
2282,paid_search,20,1,24
2282,email,22,1,24
2283,paid_search,76,1,79
2283,social,77,1,79
2283,direct,77,1,79
2283,referral,77,1,79
2283,display,79,1,79
2284,referral,71,1,78
2284,paid_search,72,1,78
2284,paid_search,73,1,78
2284,email,73,1,78
2284,referral,76,1,78
2285,direct,45,0,
2285,referral,47,0,
2286,organic_search,39,1,42
2286,organic_search,39,1,42
2286,organic_search,41,1,42
2287,email,56,1,62
2287,direct,57,1,62
2287,display,58,1,62
2287,paid_search,60,1,62
2288,referral,34,0,
2288,display,37,0,
2289,email,53,1,55
2289,email,53,1,55
2289,email,53,1,55
2290,direct,15,1,18
2290,organic_search,16,1,18
2291,social,49,1,53
2291,direct,51,1,53
2291,referral,51,1,53
2291,email,51,1,53
2291,direct,51,1,53
2292,paid_search,67,1,74
2292,social,68,1,74
2292,email,71,1,74
2292,social,71,1,74
2292,referral,74,1,74
2293,organic_search,24,0,
2293,paid_search,26,0,
2293,paid_search,28,0,
2294,direct,21,1,23
2294,direct,21,1,23
2294,direct,21,1,23
2294,organic_search,22,1,23
2295,direct,8,1,9
2295,direct,8,1,9
2295,display,8,1,9
2295,organic_search,9,1,9
2296,paid_search,49,1,57
2296,direct,50,1,57
2296,organic_search,53,1,57
2296,email,55,1,57
2296,display,57,1,57
2297,email,40,0,
2298,display,27,0,
2298,social,28,0,
2299,social,18,1,29
2299,organic_search,19,1,29
2299,social,21,1,29
2299,social,23,1,29
2299,referral,26,1,29
2299,email,28,1,29
2300,referral,66,1,76
2300,direct,68,1,76
2300,paid_search,71,1,76
2300,direct,73,1,76
2300,email,75,1,76
2300,social,75,1,76
2301,email,17,1,18
2301,paid_search,17,1,18
2301,email,18,1,18
2302,organic_search,14,0,
2303,referral,49,1,53
2303,paid_search,50,1,53
2303,direct,50,1,53
2303,paid_search,52,1,53
2304,paid_search,52,0,
2304,paid_search,54,0,
2305,social,48,1,56
2305,paid_search,51,1,56
2305,organic_search,52,1,56
2305,direct,54,1,56
2306,email,18,1,22
2306,direct,20,1,22
2306,organic_search,20,1,22
2306,direct,21,1,22
2307,email,76,0,
2308,display,29,0,
2308,direct,32,0,
2309,paid_search,50,0,
2309,paid_search,51,0,
2309,social,52,0,
2309,social,55,0,
2310,social,8,0,
2311,email,11,0,
2311,direct,11,0,
2312,paid_search,68,1,78
2312,social,69,1,78
2312,email,72,1,78
2312,email,74,1,78
2312,direct,77,1,78
2312,referral,78,1,78
2313,organic_search,37,0,
2313,referral,38,0,
2314,display,12,0,
2315,email,50,0,
2315,display,52,0,
2315,paid_search,53,0,
2316,email,67,1,69
2316,referral,69,1,69
2316,social,69,1,69
2316,paid_search,69,1,69
2317,referral,65,1,69
2317,direct,66,1,69
2317,referral,66,1,69
2317,email,67,1,69
2318,direct,60,1,63
2318,organic_search,61,1,63
2319,paid_search,74,0,
2319,paid_search,75,0,
2319,referral,76,0,
2320,paid_search,73,0,
2320,referral,73,0,
2321,social,61,0,
2321,direct,62,0,
2321,paid_search,62,0,
2321,organic_search,62,0,
2321,referral,62,0,
2322,organic_search,55,0,
2322,referral,56,0,
2323,referral,62,1,73
2323,referral,65,1,73
2323,referral,66,1,73
2323,social,68,1,73
2323,referral,71,1,73
2324,direct,17,1,26
2324,direct,19,1,26
2324,email,20,1,26
2324,email,21,1,26
2324,paid_search,23,1,26
2324,display,25,1,26
2325,referral,19,1,25
2325,organic_search,22,1,25
2325,direct,24,1,25
2325,paid_search,24,1,25
2326,organic_search,36,1,42
2326,email,36,1,42
2326,paid_search,39,1,42
2326,paid_search,40,1,42
2327,email,60,0,
2328,display,46,0,
2328,paid_search,49,0,
2328,referral,52,0,
2329,organic_search,7,1,11
2329,paid_search,7,1,11
2329,paid_search,10,1,11
2330,organic_search,40,0,
2330,paid_search,43,0,
2330,direct,44,0,
2330,social,45,0,
2331,social,9,1,13
2331,direct,12,1,13
2331,email,13,1,13
2332,organic_search,27,0,
2332,email,28,0,
2333,paid_search,59,1,62
2333,email,59,1,62
2333,organic_search,61,1,62
2333,referral,61,1,62
2334,direct,7,1,14
2334,paid_search,9,1,14
2334,email,12,1,14
2335,display,47,1,52
2335,paid_search,47,1,52
2335,social,50,1,52
2336,paid_search,7,0,
2336,direct,10,0,
2336,paid_search,10,0,
2337,referral,61,0,
2338,direct,77,1,81
2338,organic_search,79,1,81
2338,organic_search,80,1,81
2339,direct,75,0,
2339,display,77,0,
2340,paid_search,28,0,
2341,organic_search,48,1,55
2341,direct,48,1,55
2341,social,48,1,55
2341,paid_search,49,1,55
2341,display,52,1,55
2341,referral,53,1,55
2342,referral,66,1,70
2342,email,68,1,70
2342,display,69,1,70
2343,email,51,1,53
2343,paid_search,52,1,53
2343,paid_search,52,1,53
2343,paid_search,53,1,53
2344,direct,7,1,10
2344,referral,8,1,10
2344,social,8,1,10
2345,display,27,0,
2345,social,29,0,
2345,display,32,0,
2346,organic_search,24,1,32
2346,referral,27,1,32
2346,email,30,1,32
2346,referral,30,1,32
2346,social,32,1,32
2346,email,32,1,32
2347,organic_search,8,1,19
2347,display,10,1,19
2347,paid_search,11,1,19
2347,display,13,1,19
2347,email,15,1,19
2347,direct,17,1,19
2348,email,9,0,
2348,referral,12,0,
2349,organic_search,74,1,84
2349,email,76,1,84
2349,email,77,1,84
2349,social,80,1,84
2349,direct,83,1,84
2350,paid_search,40,1,49
2350,email,43,1,49
2350,paid_search,45,1,49
2350,social,48,1,49
2351,direct,17,1,24
2351,paid_search,18,1,24
2351,paid_search,21,1,24
2351,social,23,1,24
2352,display,27,0,
2352,paid_search,29,0,
2352,email,32,0,
2353,paid_search,38,0,
2354,social,41,0,
2354,display,41,0,
2354,social,42,0,
2355,direct,14,0,
2355,direct,14,0,
2356,display,48,0,
2357,display,49,0,
2357,direct,52,0,
2358,display,65,0,
2358,email,68,0,
2358,paid_search,71,0,
2358,paid_search,73,0,
2359,organic_search,32,0,
2359,email,33,0,
2359,display,34,0,
2360,email,43,0,
2360,email,46,0,
2360,direct,49,0,
2361,direct,43,0,
2361,direct,43,0,
2362,paid_search,11,0,
2362,direct,14,0,
2363,direct,28,0,
2364,paid_search,48,1,50
2364,email,48,1,50
2365,email,52,0,
2366,organic_search,54,0,
2367,email,3,1,8
2367,display,6,1,8
2367,email,8,1,8
2368,email,34,0,
2368,organic_search,35,0,
2368,referral,38,0,
2369,paid_search,12,0,
2369,social,14,0,
2369,direct,14,0,
2370,direct,73,0,
2370,direct,75,0,
2370,paid_search,78,0,
2371,direct,71,1,74
2371,direct,73,1,74
2372,paid_search,41,0,
2372,display,44,0,
2372,organic_search,45,0,
2372,paid_search,47,0,
2373,email,39,1,45
2373,social,41,1,45
2373,direct,42,1,45
2373,organic_search,42,1,45
2373,organic_search,43,1,45
2374,organic_search,62,0,
2375,referral,9,0,
2375,paid_search,11,0,
2376,organic_search,61,1,67
2376,referral,63,1,67
2376,referral,63,1,67
2376,referral,65,1,67
2377,email,22,0,
2378,display,32,0,
2378,direct,34,0,
2378,email,36,0,
2379,display,41,1,47
2379,paid_search,44,1,47
2379,email,45,1,47
2380,organic_search,3,1,7
2380,organic_search,5,1,7
2380,display,5,1,7
2381,social,61,0,
2381,social,63,0,
2381,paid_search,63,0,
2381,referral,64,0,
2382,social,60,1,66
2382,paid_search,60,1,66
2382,email,62,1,66
2382,organic_search,65,1,66
2382,organic_search,65,1,66
2383,email,51,0,
2383,social,52,0,
2383,referral,53,0,
2384,paid_search,5,1,6
2384,paid_search,6,1,6
2385,referral,24,1,32
2385,referral,27,1,32
2385,direct,30,1,32
2386,direct,14,0,
2387,email,9,1,16
2387,referral,11,1,16
2387,email,14,1,16
2388,organic_search,7,1,14
2388,direct,9,1,14
2388,direct,12,1,14
2388,direct,13,1,14
2388,organic_search,14,1,14
2389,direct,68,1,71
2389,display,71,1,71
2389,paid_search,71,1,71
2389,email,71,1,71
2390,display,15,1,20
2390,direct,16,1,20
2390,email,16,1,20
2390,social,18,1,20
2390,social,20,1,20
2391,direct,34,1,40
2391,paid_search,34,1,40
2391,paid_search,37,1,40
2391,paid_search,38,1,40
2392,organic_search,66,1,69
2392,paid_search,68,1,69
2392,email,68,1,69
2392,email,68,1,69
2392,email,68,1,69
2393,organic_search,56,0,
2393,display,58,0,
2394,referral,16,0,
2395,paid_search,8,1,13
2395,organic_search,8,1,13
2395,email,11,1,13
2396,display,61,0,
2396,paid_search,62,0,
2396,paid_search,65,0,
2397,paid_search,76,1,83
2397,email,79,1,83
2397,display,81,1,83
2397,email,82,1,83
2398,paid_search,5,1,8
2398,direct,5,1,8
2398,organic_search,5,1,8
2398,referral,7,1,8
2399,email,4,1,5
2399,referral,5,1,5
2399,direct,5,1,5
2400,referral,33,0,
2400,paid_search,35,0,
2400,display,35,0,
2400,direct,38,0,
2401,paid_search,7,0,
2401,organic_search,9,0,
2402,organic_search,48,0,
2402,referral,49,0,
2403,direct,73,0,
2403,referral,73,0,
2404,organic_search,35,1,41
2404,social,37,1,41
2404,paid_search,37,1,41
2404,direct,40,1,41
2404,paid_search,40,1,41
2405,paid_search,34,1,39
2405,referral,37,1,39
2405,organic_search,37,1,39
2406,direct,51,0,
2406,social,54,0,
2407,display,37,0,
2407,direct,37,0,
2407,referral,40,0,
2408,organic_search,8,0,
2408,direct,10,0,
2408,direct,10,0,
2408,display,11,0,
2409,email,72,1,83
2409,direct,74,1,83
2409,social,74,1,83
2409,email,77,1,83
2409,referral,79,1,83
2409,paid_search,81,1,83
2410,paid_search,45,0,
2410,direct,47,0,
2410,social,50,0,
2410,organic_search,50,0,
2411,direct,47,0,
2411,display,48,0,
2412,paid_search,16,0,
2413,direct,64,0,
2414,organic_search,68,0,
2414,direct,71,0,
2415,display,6,0,
2416,organic_search,73,1,74
2416,direct,73,1,74
2417,direct,47,0,
2417,email,49,0,
2418,referral,13,1,21
2418,display,13,1,21
2418,paid_search,14,1,21
2418,referral,17,1,21
2418,paid_search,19,1,21
2418,organic_search,19,1,21
2419,social,39,0,
2419,organic_search,42,0,
2419,social,43,0,
2419,email,44,0,
2420,referral,57,0,
2421,email,23,0,
2422,paid_search,42,1,52
2422,display,42,1,52
2422,email,45,1,52
2422,organic_search,46,1,52
2422,paid_search,47,1,52
2422,email,50,1,52
2423,direct,30,1,32
2423,display,30,1,32
2423,paid_search,31,1,32
2423,direct,31,1,32
2423,direct,32,1,32
2424,referral,33,1,41
2424,email,36,1,41
2424,organic_search,39,1,41
2424,email,41,1,41
2425,referral,25,0,
2426,referral,34,0,
2426,organic_search,35,0,
2427,referral,31,1,39
2427,direct,31,1,39
2427,direct,33,1,39
2427,email,35,1,39
2427,paid_search,37,1,39
2428,organic_search,5,0,
2428,email,6,0,
2429,organic_search,10,0,
2429,paid_search,10,0,
2429,social,10,0,
2429,display,13,0,
2430,display,55,1,59
2430,email,55,1,59
2430,social,56,1,59
2430,social,56,1,59
2430,email,58,1,59
2430,organic_search,59,1,59
2431,paid_search,63,1,67
2431,organic_search,63,1,67
2431,referral,66,1,67
2431,paid_search,66,1,67
2432,email,55,1,57
2432,direct,56,1,57
2432,social,57,1,57
2433,direct,7,1,13
2433,direct,7,1,13
2433,organic_search,10,1,13
2433,display,12,1,13
2433,social,12,1,13
2434,organic_search,44,0,
2434,paid_search,44,0,
2435,organic_search,74,0,
2435,organic_search,74,0,
2436,direct,48,0,
2436,direct,51,0,
2436,direct,52,0,
2437,organic_search,2,1,13
2437,organic_search,5,1,13
2437,email,8,1,13
2437,direct,9,1,13
2437,organic_search,11,1,13
2438,referral,76,0,
2439,email,74,1,77
2439,email,77,1,77
2440,social,11,1,11
2440,direct,11,1,11
2441,display,64,1,68
2441,paid_search,66,1,68
2441,email,67,1,68
2441,organic_search,68,1,68
2441,email,68,1,68
2442,paid_search,37,1,39
2442,paid_search,38,1,39
2442,email,39,1,39
2443,direct,12,0,
2443,email,14,0,
2443,email,17,0,
2444,organic_search,69,0,
2445,direct,8,0,
2446,email,1,0,
2446,referral,2,0,
2447,direct,48,0,
2447,referral,50,0,
2448,email,58,0,
2448,referral,61,0,
2448,paid_search,61,0,
2448,referral,61,0,
2448,display,61,0,
2449,social,47,1,53
2449,paid_search,49,1,53
2449,email,51,1,53
2450,paid_search,69,1,73
2450,direct,70,1,73
2450,email,73,1,73
2450,organic_search,73,1,73
2451,direct,45,0,
2451,referral,48,0,
2452,organic_search,57,0,
2453,referral,51,0,
2454,display,6,1,9
2454,paid_search,7,1,9
2454,direct,7,1,9
2455,organic_search,28,0,
2456,social,65,0,
2457,social,36,1,43
2457,paid_search,37,1,43
2457,paid_search,40,1,43
2457,organic_search,42,1,43
2458,social,50,0,
2458,organic_search,51,0,
2458,social,53,0,
2458,social,53,0,
2459,organic_search,2,0,
2460,display,72,1,77
2460,referral,72,1,77
2460,organic_search,75,1,77
2461,paid_search,70,0,
2461,social,70,0,
2461,organic_search,73,0,
2462,email,14,0,
2462,email,16,0,
2463,email,51,1,56
2463,social,53,1,56
2463,paid_search,56,1,56
2464,email,22,1,33
2464,organic_search,25,1,33
2464,referral,27,1,33
2464,referral,30,1,33
2464,referral,32,1,33
2465,direct,39,1,44
2465,paid_search,42,1,44
2466,paid_search,37,1,45
2466,social,39,1,45
2466,display,40,1,45
2466,organic_search,42,1,45
2466,referral,44,1,45
2466,referral,44,1,45
2467,email,46,1,47
2467,email,47,1,47
2468,email,29,0,
2468,email,30,0,
2468,social,32,0,
2468,social,35,0,
2469,social,21,1,29
2469,display,21,1,29
2469,organic_search,24,1,29
2469,organic_search,27,1,29
2469,referral,27,1,29
2470,referral,17,0,
2470,organic_search,20,0,
2470,organic_search,22,0,
2471,organic_search,26,0,
2472,social,60,0,
2473,paid_search,12,0,
2473,direct,12,0,
2474,paid_search,17,0,
2475,email,42,1,51
2475,social,45,1,51
2475,email,45,1,51
2475,paid_search,48,1,51
2475,email,50,1,51
2476,email,44,1,49
2476,direct,46,1,49
2476,paid_search,47,1,49
2476,social,49,1,49
2477,social,75,0,
2477,direct,75,0,
2478,paid_search,43,0,
2479,email,5,0,
2479,direct,5,0,
2479,paid_search,6,0,
2480,email,53,0,
2481,paid_search,11,0,
2482,display,38,1,41
2482,social,39,1,41
2482,email,39,1,41
2482,organic_search,40,1,41
2483,organic_search,7,1,8
2483,direct,7,1,8
2483,paid_search,7,1,8
2484,direct,61,0,
2484,social,63,0,
2484,direct,63,0,
2485,referral,74,1,75
2485,direct,74,1,75
2485,direct,74,1,75
2486,direct,30,0,
2487,direct,21,1,26
2487,paid_search,23,1,26
2487,email,23,1,26
2487,social,23,1,26
2487,referral,24,1,26
2488,direct,54,0,
2489,social,15,1,18
2489,paid_search,16,1,18
2489,social,18,1,18
2490,organic_search,23,1,29
2490,social,26,1,29
2490,email,27,1,29
2490,display,28,1,29
2491,referral,74,0,
2491,organic_search,75,0,
2492,email,64,0,
2492,social,67,0,
2492,social,67,0,
2493,organic_search,69,0,
2493,referral,69,0,
2494,direct,26,0,
2495,social,48,0,
2495,referral,51,0,
2495,email,53,0,
2496,paid_search,25,1,37
2496,referral,28,1,37
2496,email,29,1,37
2496,organic_search,30,1,37
2496,referral,33,1,37
2496,direct,36,1,37
2497,display,22,1,26
2497,email,22,1,26
2497,organic_search,24,1,26
2498,display,55,0,
2499,organic_search,23,1,29
2499,direct,26,1,29
2499,email,27,1,29
2499,paid_search,28,1,29
2500,direct,12,1,16
2500,display,12,1,16
2500,email,12,1,16
2500,organic_search,14,1,16
2500,referral,16,1,16
